2026-09-09 22:13:19,388 INFO o.a.j.u.JMeterUtils: Setting Locale to en_EN
2026-09-09 22:13:19,404 INFO o.a.j.JMeter: Loading user properties from: F:\Programing\jmeter\apache-jmeter-5.6.3\bin\user.properties
2026-09-09 22:13:19,404 INFO o.a.j.JMeter: Loading system properties from: F:\Programing\jmeter\apache-jmeter-5.6.3\bin\system.properties
2026-09-09 22:13:19,405 INFO o.a.j.JMeter: Setting JMeter property: threads=500
2026-09-09 22:13:19,405 INFO o.a.j.JMeter: Setting JMeter property: rampup=5
2026-09-09 22:13:19,405 INFO o.a.j.JMeter: Setting JMeter property: duration=60
2026-09-09 22:13:19,405 INFO o.a.j.JMeter: Setting JMeter property: host=localhost
2026-09-09 22:13:19,405 INFO o.a.j.JMeter: Setting JMeter property: port=8081
2026-09-09 22:13:19,409 INFO o.a.j.JMeter: Copyright (c) 1998-2024 The Apache Software Foundation
2026-09-09 22:13:19,409 INFO o.a.j.JMeter: Version 5.6.3
2026-09-09 22:13:19,409 INFO o.a.j.JMeter: java.version=21.0.4
2026-09-09 22:13:19,409 INFO o.a.j.JMeter: java.vm.name=Java HotSpot(TM) 64-Bit Server VM
2026-09-09 22:13:19,409 INFO o.a.j.JMeter: os.name=Windows 11
2026-09-09 22:13:19,409 INFO o.a.j.JMeter: os.arch=amd64
2026-09-09 22:13:19,409 INFO o.a.j.JMeter: os.version=10.0
2026-09-09 22:13:19,409 INFO o.a.j.JMeter: file.encoding=UTF-8
2026-09-09 22:13:19,409 INFO o.a.j.JMeter: java.awt.headless=true
2026-09-09 22:13:19,409 INFO o.a.j.JMeter: Max memory     =1073741824
2026-09-09 22:13:19,410 INFO o.a.j.JMeter: Available Processors =12
2026-09-09 22:13:19,417 INFO o.a.j.JMeter: Default Locale=English (EN)
2026-09-09 22:13:19,417 INFO o.a.j.JMeter: JMeter  Locale=English (EN)
2026-09-09 22:13:19,417 INFO o.a.j.JMeter: JMeterHome=F:\Programing\jmeter\apache-jmeter-5.6.3
2026-09-09 22:13:19,417 INFO o.a.j.JMeter: user.dir  =D:\Faculdade\8 periodo\modelagem\Atividade-1\projeto-sistemas-distribuidos\jmeter
2026-09-09 22:13:19,417 INFO o.a.j.JMeter: PWD       =D:\Faculdade\8 periodo\modelagem\Atividade-1\projeto-sistemas-distribuidos\jmeter
2026-09-09 22:13:19,435 INFO o.a.j.JMeter: IP: 192.168.0.11 Name: PC-Lucas FullName: 192.168.0.11
2026-09-09 22:13:19,444 INFO o.a.j.JMeter: Setting property 'jmeter.reportgenerator.outputdir' to:'D:\Faculdade\8 periodo\modelagem\Atividade-1\projeto-sistemas-distribuidos\jmeter\resultados\html_500'
2026-09-09 22:13:19,446 INFO o.a.j.s.FileServer: Default base='D:\Faculdade\8 periodo\modelagem\Atividade-1\projeto-sistemas-distribuidos\jmeter'
2026-09-09 22:13:19,447 INFO o.a.j.s.FileServer: Set new base='D:\Faculdade\8 periodo\modelagem\Atividade-1\projeto-sistemas-distribuidos\jmeter'
2026-09-09 22:13:19,581 INFO o.a.j.s.SaveService: Testplan (JMX) version: 2.2. Testlog (JTL) version: 2.2
2026-09-09 22:13:19,608 INFO o.a.j.s.SaveService: Using SaveService properties version 5.0
2026-09-09 22:13:19,610 INFO o.a.j.s.SaveService: Using SaveService properties file encoding UTF-8
2026-09-09 22:13:19,613 INFO o.a.j.s.SaveService: Loading file: D:\Faculdade\8 periodo\modelagem\Atividade-1\projeto-sistemas-distribuidos\jmeter\plano_carga_comandas.jmx
2026-09-09 22:13:19,658 INFO o.a.j.p.h.s.HTTPSamplerBase: Parser for text/html is org.apache.jmeter.protocol.http.parser.LagartoBasedHtmlParser
2026-09-09 22:13:19,658 INFO o.a.j.p.h.s.HTTPSamplerBase: Parser for application/xhtml+xml is org.apache.jmeter.protocol.http.parser.LagartoBasedHtmlParser
2026-09-09 22:13:19,658 INFO o.a.j.p.h.s.HTTPSamplerBase: Parser for application/xml is org.apache.jmeter.protocol.http.parser.LagartoBasedHtmlParser
2026-09-09 22:13:19,658 INFO o.a.j.p.h.s.HTTPSamplerBase: Parser for text/xml is org.apache.jmeter.protocol.http.parser.LagartoBasedHtmlParser
2026-09-09 22:13:19,658 INFO o.a.j.p.h.s.HTTPSamplerBase: Parser for text/vnd.wap.wml is org.apache.jmeter.protocol.http.parser.RegexpHTMLParser
2026-09-09 22:13:19,658 INFO o.a.j.p.h.s.HTTPSamplerBase: Parser for text/css is org.apache.jmeter.protocol.http.parser.CssParser
2026-09-09 22:13:19,675 INFO o.a.j.JMeter: Creating summariser <summary>
2026-09-09 22:13:19,679 INFO o.a.j.r.d.ReportGenerator: ReportGenerator will use for Parsing the separator: ','
2026-09-09 22:13:19,679 INFO o.a.j.r.d.ReportGenerator: Will generate report at end of test from  results file: D:\Faculdade\8 periodo\modelagem\Atividade-1\projeto-sistemas-distribuidos\jmeter\resultados\resultado_500.jtl
2026-09-09 22:13:19,679 INFO o.a.j.r.d.ReportGenerator: Reading report generator properties from: F:\Programing\jmeter\apache-jmeter-5.6.3\bin\reportgenerator.properties
2026-09-09 22:13:19,680 INFO o.a.j.r.d.ReportGenerator: Merging with JMeter properties
2026-09-09 22:13:19,683 INFO o.a.j.r.c.ReportGeneratorConfiguration: Property 'jmeter.reportgenerator.temp_dir' not found, using default value 'temp' instead.
2026-09-09 22:13:19,685 INFO o.a.j.r.c.ReportGeneratorConfiguration: Property 'jmeter.reportgenerator.apdex_per_transaction' not found, using default value 'null' instead.
2026-09-09 22:13:19,685 INFO o.a.j.r.c.ReportGeneratorConfiguration: apdex_per_transaction is empty, not APDEX per transaction customization
2026-09-09 22:13:19,685 INFO o.a.j.r.c.ReportGeneratorConfiguration: Property 'jmeter.reportgenerator.sample_filter' not found, using default value 'null' instead.
2026-09-09 22:13:19,685 INFO o.a.j.r.c.ReportGeneratorConfiguration: Property 'jmeter.reportgenerator.report_title' not found, using default value 'null' instead.
2026-09-09 22:13:19,685 INFO o.a.j.r.c.ReportGeneratorConfiguration: Property 'jmeter.reportgenerator.start_date' not found, using default value 'null' instead.
2026-09-09 22:13:19,685 INFO o.a.j.r.c.ReportGeneratorConfiguration: Property 'jmeter.reportgenerator.end_date' not found, using default value 'null' instead.
2026-09-09 22:13:19,685 INFO o.a.j.r.c.ReportGeneratorConfiguration: Property 'jmeter.reportgenerator.date_format' not found, using default value 'null' instead.
2026-09-09 22:13:19,686 INFO o.a.j.r.c.ReportGeneratorConfiguration: Will use date range start date: null, end date: null
2026-09-09 22:13:19,689 INFO o.a.j.r.c.ReportGeneratorConfiguration: Property 'jmeter.reportgenerator.graph.totalTPS.exclude_controllers' not found, using default value 'false' instead.
2026-09-09 22:13:19,689 INFO o.a.j.r.c.ReportGeneratorConfiguration: Property 'jmeter.reportgenerator.graph.activeThreadsOverTime.exclude_controllers' not found, using default value 'false' instead.
2026-09-09 22:13:19,689 INFO o.a.j.r.c.ReportGeneratorConfiguration: Property 'jmeter.reportgenerator.graph.timeVsThreads.exclude_controllers' not found, using default value 'false' instead.
2026-09-09 22:13:19,689 INFO o.a.j.r.c.ReportGeneratorConfiguration: Property 'jmeter.reportgenerator.graph.responseTimeDistribution.exclude_controllers' not found, using default value 'false' instead.
2026-09-09 22:13:19,689 INFO o.a.j.r.c.ReportGeneratorConfiguration: Property 'jmeter.reportgenerator.graph.transactionsPerSecond.exclude_controllers' not found, using default value 'false' instead.
2026-09-09 22:13:19,689 INFO o.a.j.r.c.ReportGeneratorConfiguration: Property 'jmeter.reportgenerator.graph.responseTimePercentiles.exclude_controllers' not found, using default value 'false' instead.
2026-09-09 22:13:19,689 INFO o.a.j.r.c.ReportGeneratorConfiguration: Property 'jmeter.reportgenerator.graph.responseTimePercentilesOverTime.exclude_controllers' not found, using default value 'false' instead.
2026-09-09 22:13:19,689 INFO o.a.j.r.c.ReportGeneratorConfiguration: Property 'jmeter.reportgenerator.graph.responseTimesOverTime.exclude_controllers' not found, using default value 'false' instead.
2026-09-09 22:13:19,690 INFO o.a.j.r.c.ReportGeneratorConfiguration: Property 'jmeter.reportgenerator.graph.connectTimeOverTime.exclude_controllers' not found, using default value 'false' instead.
2026-09-09 22:13:19,690 INFO o.a.j.r.c.ReportGeneratorConfiguration: Property 'jmeter.reportgenerator.graph.latenciesOverTime.exclude_controllers' not found, using default value 'false' instead.
2026-09-09 22:13:19,690 INFO o.a.j.r.c.ReportGeneratorConfiguration: Property 'jmeter.reportgenerator.exporter.json.filters_only_sample_series' not found, using default value 'true' instead.
2026-09-09 22:13:19,690 INFO o.a.j.r.c.ReportGeneratorConfiguration: Property 'jmeter.reportgenerator.exporter.json.series_filter' not found, using default value '' instead.
2026-09-09 22:13:19,691 INFO o.a.j.r.c.ReportGeneratorConfiguration: Property 'jmeter.reportgenerator.exporter.json.show_controllers_only' not found, using default value 'false' instead.
2026-09-09 22:13:19,691 INFO o.a.j.r.c.ReportGeneratorConfiguration: Property 'jmeter.reportgenerator.exporter.html.filters_only_sample_series' not found, using default value 'true' instead.
2026-09-09 22:13:19,691 INFO o.a.j.r.c.ReportGeneratorConfiguration: Property 'jmeter.reportgenerator.exporter.html.series_filter' not found, using default value '' instead.
2026-09-09 22:13:19,691 INFO o.a.j.r.c.ReportGeneratorConfiguration: Property 'jmeter.reportgenerator.exporter.html.show_controllers_only' not found, using default value 'false' instead.
2026-09-09 22:13:19,707 INFO o.a.j.e.StandardJMeterEngine: Running the test!
2026-09-09 22:13:19,709 INFO o.a.j.s.SampleEvent: List of sample_variables: []
2026-09-09 22:13:19,709 INFO o.a.j.s.SampleEvent: List of sample_variables: []
2026-09-09 22:13:19,715 INFO o.a.j.e.u.CompoundVariable: Note: Function class names must contain the string: '.functions.'
2026-09-09 22:13:19,715 INFO o.a.j.e.u.CompoundVariable: Note: Function class names must not contain the string: '.gui.'
2026-09-09 22:13:19,795 INFO o.a.j.JMeter: Running test (1789002799795)
2026-09-09 22:13:19,807 INFO o.a.j.e.StandardJMeterEngine: Starting ThreadGroup: 1 : Cenario 1 - Listar Comandas (GET, leitura pesada)
2026-09-09 22:13:19,807 INFO o.a.j.e.StandardJMeterEngine: Starting 500 threads for group Cenario 1 - Listar Comandas (GET, leitura pesada).
2026-09-09 22:13:19,807 INFO o.a.j.e.StandardJMeterEngine: Thread will continue on error
2026-09-09 22:13:19,808 INFO o.a.j.t.ThreadGroup: Starting thread group... number=1 threads=500 ramp-up=5 delayedStart=false
2026-09-09 22:13:19,815 INFO o.a.j.t.JMeterThread: Thread started: Cenario 1 - Listar Comandas (GET, leitura pesada) 1-1
2026-09-09 22:13:19,823 INFO o.a.j.t.JMeterThread: Thread started: Cenario 1 - Listar Comandas (GET, leitura pesada) 1-2
2026-09-09 22:13:19,832 INFO o.a.j.p.h.s.HTTPHCAbstractImpl: Local host = PC-Lucas
2026-09-09 22:13:19,833 INFO o.a.j.t.JMeterThread: Thread started: Cenario 1 - Listar Comandas (GET, leitura pesada) 1-3
2026-09-09 22:13:19,839 INFO o.a.j.p.h.s.HTTPHC4Impl: HTTP request retry count = 0
2026-09-09 22:13:19,840 INFO o.a.j.t.JMeterThread: Thread started: Cenario 1 - Listar Comandas (GET, leitura pesada) 1-4
2026-09-09 22:13:19,840 INFO o.a.j.s.SampleResult: Note: Sample TimeStamps are START times
2026-09-09 22:13:19,840 INFO o.a.j.s.SampleResult: sampleresult.default.encoding is set to UTF-8
2026-09-09 22:13:19,842 INFO o.a.j.s.SampleResult: sampleresult.useNanoTime=true
2026-09-09 22:13:19,842 INFO o.a.j.s.SampleResult: sampleresult.nanoThreadSleep=5000
2026-09-09 22:13:19,851 INFO o.a.j.t.JMeterThread: Thread started: Cenario 1 - Listar Comandas (GET, leitura pesada) 1-5
2026-09-09 22:13:19,861 INFO o.a.j.t.JMeterThread: Thread started: Cenario 1 - Listar Comandas (GET, leitura pesada) 1-6
2026-09-09 22:13:19,871 INFO o.a.j.t.JMeterThread: Thread started: Cenario 1 - Listar Comandas (GET, leitura pesada) 1-7
2026-09-09 22:13:19,879 INFO o.a.j.t.JMeterThread: Thread started: Cenario 1 - Listar Comandas (GET, leitura pesada) 1-8
2026-09-09 22:13:19,890 INFO o.a.j.t.JMeterThread: Thread started: Cenario 1 - Listar Comandas (GET, leitura pesada) 1-9
2026-09-09 22:13:19,899 INFO o.a.j.t.JMeterThread: Thread started: Cenario 1 - Listar Comandas (GET, leitura pesada) 1-10
2026-09-09 22:13:19,909 INFO o.a.j.t.ThreadGroup: Started thread group number 1
2026-09-09 22:13:19,909 INFO o.a.j.e.StandardJMeterEngine: All thread groups have been started
2026-09-09 22:13:19,910 INFO o.a.j.t.JMeterThread: Thread started: Cenario 1 - Listar Comandas (GET, leitura pesada) 1-11
2026-09-09 22:13:19,920 INFO o.a.j.t.JMeterThread: Thread started: Cenario 1 - Listar Comandas (GET, leitura pesada) 1-12
2026-09-09 22:13:19,930 INFO o.a.j.t.JMeterThread: Thread started: Cenario 1 - Listar Comandas (GET, leitura pesada) 1-13
2026-09-09 22:13:19,940 INFO o.a.j.t.JMeterThread: Thread started: Cenario 1 - Listar Comandas (GET, leitura pesada) 1-14
2026-09-09 22:13:19,949 INFO o.a.j.t.JMeterThread: Thread started: Cenario 1 - Listar Comandas (GET, leitura pesada) 1-15
2026-09-09 22:13:19,960 INFO o.a.j.t.JMeterThread: Thread started: Cenario 1 - Listar Comandas (GET, leitura pesada) 1-16
2026-09-09 22:13:19,970 INFO o.a.j.t.JMeterThread: Thread started: Cenario 1 - Listar Comandas (GET, leitura pesada) 1-17
2026-09-09 22:13:19,978 INFO o.a.j.t.JMeterThread: Thread started: Cenario 1 - Listar Comandas (GET, leitura pesada) 1-18
2026-09-09 22:13:19,989 INFO o.a.j.t.JMeterThread: Thread started: Cenario 1 - Listar Comandas (GET, leitura pesada) 1-19
2026-09-09 22:13:19,999 INFO o.a.j.t.JMeterThread: Thread started: Cenario 1 - Listar Comandas (GET, leitura pesada) 1-20
2026-09-09 22:13:20,009 INFO o.a.j.t.JMeterThread: Thread started: Cenario 1 - Listar Comandas (GET, leitura pesada) 1-21
2026-09-09 22:13:20,019 INFO o.a.j.t.JMeterThread: Thread started: Cenario 1 - Listar Comandas (GET, leitura pesada) 1-22
2026-09-09 22:13:20,029 INFO o.a.j.t.JMeterThread: Thread started: Cenario 1 - Listar Comandas (GET, leitura pesada) 1-23
2026-09-09 22:13:20,039 INFO o.a.j.t.JMeterThread: Thread started: Cenario 1 - Listar Comandas (GET, leitura pesada) 1-24
2026-09-09 22:13:20,049 INFO o.a.j.t.JMeterThread: Thread started: Cenario 1 - Listar Comandas (GET, leitura pesada) 1-25
2026-09-09 22:13:20,059 INFO o.a.j.t.JMeterThread: Thread started: Cenario 1 - Listar Comandas (GET, leitura pesada) 1-26
2026-09-09 22:13:20,069 INFO o.a.j.t.JMeterThread: Thread started: Cenario 1 - Listar Comandas (GET, leitura pesada) 1-27
2026-09-09 22:13:20,079 INFO o.a.j.t.JMeterThread: Thread started: Cenario 1 - Listar Comandas (GET, leitura pesada) 1-28
2026-09-09 22:13:20,089 INFO o.a.j.t.JMeterThread: Thread started: Cenario 1 - Listar Comandas (GET, leitura pesada) 1-29
2026-09-09 22:13:20,099 INFO o.a.j.t.JMeterThread: Thread started: Cenario 1 - Listar Comandas (GET, leitura pesada) 1-30
2026-09-09 22:13:20,109 INFO o.a.j.t.JMeterThread: Thread started: Cenario 1 - Listar Comandas (GET, leitura pesada) 1-31
2026-09-09 22:13:20,119 INFO o.a.j.t.JMeterThread: Thread started: Cenario 1 - Listar Comandas (GET, leitura pesada) 1-32
2026-09-09 22:13:20,129 INFO o.a.j.t.JMeterThread: Thread started: Cenario 1 - Listar Comandas (GET, leitura pesada) 1-33
2026-09-09 22:13:20,139 INFO o.a.j.t.JMeterThread: Thread started: Cenario 1 - Listar Comandas (GET, leitura pesada) 1-34
2026-09-09 22:13:20,150 INFO o.a.j.t.JMeterThread: Thread started: Cenario 1 - Listar Comandas (GET, leitura pesada) 1-35
2026-09-09 22:13:20,159 INFO o.a.j.t.JMeterThread: Thread started: Cenario 1 - Listar Comandas (GET, leitura pesada) 1-36
2026-09-09 22:13:20,169 INFO o.a.j.t.JMeterThread: Thread started: Cenario 1 - Listar Comandas (GET, leitura pesada) 1-37
2026-09-09 22:13:20,180 INFO o.a.j.t.JMeterThread: Thread started: Cenario 1 - Listar Comandas (GET, leitura pesada) 1-38
2026-09-09 22:13:20,189 INFO o.a.j.t.JMeterThread: Thread started: Cenario 1 - Listar Comandas (GET, leitura pesada) 1-39
2026-09-09 22:13:20,199 INFO o.a.j.t.JMeterThread: Thread started: Cenario 1 - Listar Comandas (GET, leitura pesada) 1-40
2026-09-09 22:13:20,209 INFO o.a.j.t.JMeterThread: Thread started: Cenario 1 - Listar Comandas (GET, leitura pesada) 1-41
2026-09-09 22:13:20,220 INFO o.a.j.t.JMeterThread: Thread started: Cenario 1 - Listar Comandas (GET, leitura pesada) 1-42
2026-09-09 22:13:20,228 INFO o.a.j.t.JMeterThread: Thread started: Cenario 1 - Listar Comandas (GET, leitura pesada) 1-43
2026-09-09 22:13:20,239 INFO o.a.j.t.JMeterThread: Thread started: Cenario 1 - Listar Comandas (GET, leitura pesada) 1-44
2026-09-09 22:13:20,249 INFO o.a.j.t.JMeterThread: Thread started: Cenario 1 - Listar Comandas (GET, leitura pesada) 1-45
2026-09-09 22:13:20,259 INFO o.a.j.t.JMeterThread: Thread started: Cenario 1 - Listar Comandas (GET, leitura pesada) 1-46
2026-09-09 22:13:20,271 INFO o.a.j.t.JMeterThread: Thread started: Cenario 1 - Listar Comandas (GET, leitura pesada) 1-47
2026-09-09 22:13:20,279 INFO o.a.j.t.JMeterThread: Thread started: Cenario 1 - Listar Comandas (GET, leitura pesada) 1-48
2026-09-09 22:13:20,289 INFO o.a.j.t.JMeterThread: Thread started: Cenario 1 - Listar Comandas (GET, leitura pesada) 1-49
2026-09-09 22:13:20,300 INFO o.a.j.t.JMeterThread: Thread started: Cenario 1 - Listar Comandas (GET, leitura pesada) 1-50
2026-09-09 22:13:20,310 INFO o.a.j.t.JMeterThread: Thread started: Cenario 1 - Listar Comandas (GET, leitura pesada) 1-51
2026-09-09 22:13:20,320 INFO o.a.j.t.JMeterThread: Thread started: Cenario 1 - Listar Comandas (GET, leitura pesada) 1-52
2026-09-09 22:13:20,330 INFO o.a.j.t.JMeterThread: Thread started: Cenario 1 - Listar Comandas (GET, leitura pesada) 1-53
2026-09-09 22:13:20,341 INFO o.a.j.t.JMeterThread: Thread started: Cenario 1 - Listar Comandas (GET, leitura pesada) 1-54
2026-09-09 22:13:20,350 INFO o.a.j.t.JMeterThread: Thread started: Cenario 1 - Listar Comandas (GET, leitura pesada) 1-55
2026-09-09 22:13:20,361 INFO o.a.j.t.JMeterThread: Thread started: Cenario 1 - Listar Comandas (GET, leitura pesada) 1-56
2026-09-09 22:13:20,370 INFO o.a.j.t.JMeterThread: Thread started: Cenario 1 - Listar Comandas (GET, leitura pesada) 1-57
2026-09-09 22:13:20,381 INFO o.a.j.t.JMeterThread: Thread started: Cenario 1 - Listar Comandas (GET, leitura pesada) 1-58
2026-09-09 22:13:20,389 INFO o.a.j.t.JMeterThread: Thread started: Cenario 1 - Listar Comandas (GET, leitura pesada) 1-59
2026-09-09 22:13:20,400 INFO o.a.j.t.JMeterThread: Thread started: Cenario 1 - Listar Comandas (GET, leitura pesada) 1-60
2026-09-09 22:13:20,409 INFO o.a.j.t.JMeterThread: Thread started: Cenario 1 - Listar Comandas (GET, leitura pesada) 1-61
2026-09-09 22:13:20,419 INFO o.a.j.t.JMeterThread: Thread started: Cenario 1 - Listar Comandas (GET, leitura pesada) 1-62
2026-09-09 22:13:20,429 INFO o.a.j.t.JMeterThread: Thread started: Cenario 1 - Listar Comandas (GET, leitura pesada) 1-63
2026-09-09 22:13:20,439 INFO o.a.j.t.JMeterThread: Thread started: Cenario 1 - Listar Comandas (GET, leitura pesada) 1-64
2026-09-09 22:13:20,449 INFO o.a.j.t.JMeterThread: Thread started: Cenario 1 - Listar Comandas (GET, leitura pesada) 1-65
2026-09-09 22:13:20,459 INFO o.a.j.t.JMeterThread: Thread started: Cenario 1 - Listar Comandas (GET, leitura pesada) 1-66
2026-09-09 22:13:20,469 INFO o.a.j.t.JMeterThread: Thread started: Cenario 1 - Listar Comandas (GET, leitura pesada) 1-67
2026-09-09 22:13:20,479 INFO o.a.j.t.JMeterThread: Thread started: Cenario 1 - Listar Comandas (GET, leitura pesada) 1-68
2026-09-09 22:13:20,488 INFO o.a.j.t.JMeterThread: Thread started: Cenario 1 - Listar Comandas (GET, leitura pesada) 1-69
2026-09-09 22:13:20,499 INFO o.a.j.t.JMeterThread: Thread started: Cenario 1 - Listar Comandas (GET, leitura pesada) 1-70
2026-09-09 22:13:20,509 INFO o.a.j.t.JMeterThread: Thread started: Cenario 1 - Listar Comandas (GET, leitura pesada) 1-71
2026-09-09 22:13:20,519 INFO o.a.j.t.JMeterThread: Thread started: Cenario 1 - Listar Comandas (GET, leitura pesada) 1-72
2026-09-09 22:13:20,529 INFO o.a.j.t.JMeterThread: Thread started: Cenario 1 - Listar Comandas (GET, leitura pesada) 1-73
2026-09-09 22:13:20,540 INFO o.a.j.t.JMeterThread: Thread started: Cenario 1 - Listar Comandas (GET, leitura pesada) 1-74
2026-09-09 22:13:20,550 INFO o.a.j.t.JMeterThread: Thread started: Cenario 1 - Listar Comandas (GET, leitura pesada) 1-75
2026-09-09 22:13:20,559 INFO o.a.j.t.JMeterThread: Thread started: Cenario 1 - Listar Comandas (GET, leitura pesada) 1-76
2026-09-09 22:13:20,569 INFO o.a.j.t.JMeterThread: Thread started: Cenario 1 - Listar Comandas (GET, leitura pesada) 1-77
2026-09-09 22:13:20,579 INFO o.a.j.t.JMeterThread: Thread started: Cenario 1 - Listar Comandas (GET, leitura pesada) 1-78
2026-09-09 22:13:20,589 INFO o.a.j.t.JMeterThread: Thread started: Cenario 1 - Listar Comandas (GET, leitura pesada) 1-79
2026-09-09 22:13:20,600 INFO o.a.j.t.JMeterThread: Thread started: Cenario 1 - Listar Comandas (GET, leitura pesada) 1-80
2026-09-09 22:13:20,609 INFO o.a.j.t.JMeterThread: Thread started: Cenario 1 - Listar Comandas (GET, leitura pesada) 1-81
2026-09-09 22:13:20,619 INFO o.a.j.t.JMeterThread: Thread started: Cenario 1 - Listar Comandas (GET, leitura pesada) 1-82
2026-09-09 22:13:20,629 INFO o.a.j.t.JMeterThread: Thread started: Cenario 1 - Listar Comandas (GET, leitura pesada) 1-83
2026-09-09 22:13:20,639 INFO o.a.j.t.JMeterThread: Thread started: Cenario 1 - Listar Comandas (GET, leitura pesada) 1-84
2026-09-09 22:13:20,649 INFO o.a.j.t.JMeterThread: Thread started: Cenario 1 - Listar Comandas (GET, leitura pesada) 1-85
2026-09-09 22:13:20,659 INFO o.a.j.t.JMeterThread: Thread started: Cenario 1 - Listar Comandas (GET, leitura pesada) 1-86
2026-09-09 22:13:20,669 INFO o.a.j.t.JMeterThread: Thread started: Cenario 1 - Listar Comandas (GET, leitura pesada) 1-87
2026-09-09 22:13:20,679 INFO o.a.j.t.JMeterThread: Thread started: Cenario 1 - Listar Comandas (GET, leitura pesada) 1-88
2026-09-09 22:13:20,689 INFO o.a.j.t.JMeterThread: Thread started: Cenario 1 - Listar Comandas (GET, leitura pesada) 1-89
2026-09-09 22:13:20,699 INFO o.a.j.t.JMeterThread: Thread started: Cenario 1 - Listar Comandas (GET, leitura pesada) 1-90
2026-09-09 22:13:20,709 INFO o.a.j.t.JMeterThread: Thread started: Cenario 1 - Listar Comandas (GET, leitura pesada) 1-91
2026-09-09 22:13:20,719 INFO o.a.j.t.JMeterThread: Thread started: Cenario 1 - Listar Comandas (GET, leitura pesada) 1-92
2026-09-09 22:13:20,729 INFO o.a.j.t.JMeterThread: Thread started: Cenario 1 - Listar Comandas (GET, leitura pesada) 1-93
2026-09-09 22:13:20,740 INFO o.a.j.t.JMeterThread: Thread started: Cenario 1 - Listar Comandas (GET, leitura pesada) 1-94
2026-09-09 22:13:20,749 INFO o.a.j.t.JMeterThread: Thread started: Cenario 1 - Listar Comandas (GET, leitura pesada) 1-95
2026-09-09 22:13:20,759 INFO o.a.j.t.JMeterThread: Thread started: Cenario 1 - Listar Comandas (GET, leitura pesada) 1-96
2026-09-09 22:13:20,769 INFO o.a.j.t.JMeterThread: Thread started: Cenario 1 - Listar Comandas (GET, leitura pesada) 1-97
2026-09-09 22:13:20,779 INFO o.a.j.t.JMeterThread: Thread started: Cenario 1 - Listar Comandas (GET, leitura pesada) 1-98
2026-09-09 22:13:20,791 INFO o.a.j.t.JMeterThread: Thread started: Cenario 1 - Listar Comandas (GET, leitura pesada) 1-99
2026-09-09 22:13:20,799 INFO o.a.j.t.JMeterThread: Thread started: Cenario 1 - Listar Comandas (GET, leitura pesada) 1-100
2026-09-09 22:13:20,810 INFO o.a.j.t.JMeterThread: Thread started: Cenario 1 - Listar Comandas (GET, leitura pesada) 1-101
2026-09-09 22:13:20,820 INFO o.a.j.t.JMeterThread: Thread started: Cenario 1 - Listar Comandas (GET, leitura pesada) 1-102
2026-09-09 22:13:20,830 INFO o.a.j.t.JMeterThread: Thread started: Cenario 1 - Listar Comandas (GET, leitura pesada) 1-103
2026-09-09 22:13:20,838 INFO o.a.j.t.JMeterThread: Thread started: Cenario 1 - Listar Comandas (GET, leitura pesada) 1-104
2026-09-09 22:13:20,848 INFO o.a.j.t.JMeterThread: Thread started: Cenario 1 - Listar Comandas (GET, leitura pesada) 1-105
2026-09-09 22:13:20,859 INFO o.a.j.t.JMeterThread: Thread started: Cenario 1 - Listar Comandas (GET, leitura pesada) 1-106
2026-09-09 22:13:20,869 INFO o.a.j.t.JMeterThread: Thread started: Cenario 1 - Listar Comandas (GET, leitura pesada) 1-107
2026-09-09 22:13:20,879 INFO o.a.j.t.JMeterThread: Thread started: Cenario 1 - Listar Comandas (GET, leitura pesada) 1-108
2026-09-09 22:13:20,888 INFO o.a.j.t.JMeterThread: Thread started: Cenario 1 - Listar Comandas (GET, leitura pesada) 1-109
2026-09-09 22:13:20,899 INFO o.a.j.t.JMeterThread: Thread started: Cenario 1 - Listar Comandas (GET, leitura pesada) 1-110
2026-09-09 22:13:20,909 INFO o.a.j.t.JMeterThread: Thread started: Cenario 1 - Listar Comandas (GET, leitura pesada) 1-111
2026-09-09 22:13:20,918 INFO o.a.j.t.JMeterThread: Thread started: Cenario 1 - Listar Comandas (GET, leitura pesada) 1-112
2026-09-09 22:13:20,929 INFO o.a.j.t.JMeterThread: Thread started: Cenario 1 - Listar Comandas (GET, leitura pesada) 1-113
2026-09-09 22:13:20,939 INFO o.a.j.t.JMeterThread: Thread started: Cenario 1 - Listar Comandas (GET, leitura pesada) 1-114
2026-09-09 22:13:20,949 INFO o.a.j.t.JMeterThread: Thread started: Cenario 1 - Listar Comandas (GET, leitura pesada) 1-115
2026-09-09 22:13:20,959 INFO o.a.j.t.JMeterThread: Thread started: Cenario 1 - Listar Comandas (GET, leitura pesada) 1-116
2026-09-09 22:13:20,968 INFO o.a.j.t.JMeterThread: Thread started: Cenario 1 - Listar Comandas (GET, leitura pesada) 1-117
2026-09-09 22:13:20,978 INFO o.a.j.t.JMeterThread: Thread started: Cenario 1 - Listar Comandas (GET, leitura pesada) 1-118
2026-09-09 22:13:20,990 INFO o.a.j.t.JMeterThread: Thread started: Cenario 1 - Listar Comandas (GET, leitura pesada) 1-119
2026-09-09 22:13:21,000 INFO o.a.j.t.JMeterThread: Thread started: Cenario 1 - Listar Comandas (GET, leitura pesada) 1-120
2026-09-09 22:13:21,008 INFO o.a.j.t.JMeterThread: Thread started: Cenario 1 - Listar Comandas (GET, leitura pesada) 1-121
2026-09-09 22:13:21,019 INFO o.a.j.t.JMeterThread: Thread started: Cenario 1 - Listar Comandas (GET, leitura pesada) 1-122
2026-09-09 22:13:21,030 INFO o.a.j.t.JMeterThread: Thread started: Cenario 1 - Listar Comandas (GET, leitura pesada) 1-123
2026-09-09 22:13:21,040 INFO o.a.j.t.JMeterThread: Thread started: Cenario 1 - Listar Comandas (GET, leitura pesada) 1-124
2026-09-09 22:13:21,050 INFO o.a.j.t.JMeterThread: Thread started: Cenario 1 - Listar Comandas (GET, leitura pesada) 1-125
2026-09-09 22:13:21,059 INFO o.a.j.t.JMeterThread: Thread started: Cenario 1 - Listar Comandas (GET, leitura pesada) 1-126
2026-09-09 22:13:21,070 INFO o.a.j.t.JMeterThread: Thread started: Cenario 1 - Listar Comandas (GET, leitura pesada) 1-127
2026-09-09 22:13:21,079 INFO o.a.j.t.JMeterThread: Thread started: Cenario 1 - Listar Comandas (GET, leitura pesada) 1-128
2026-09-09 22:13:21,088 INFO o.a.j.t.JMeterThread: Thread started: Cenario 1 - Listar Comandas (GET, leitura pesada) 1-129
2026-09-09 22:13:21,098 INFO o.a.j.t.JMeterThread: Thread started: Cenario 1 - Listar Comandas (GET, leitura pesada) 1-130
2026-09-09 22:13:21,108 INFO o.a.j.t.JMeterThread: Thread started: Cenario 1 - Listar Comandas (GET, leitura pesada) 1-131
2026-09-09 22:13:21,118 INFO o.a.j.t.JMeterThread: Thread started: Cenario 1 - Listar Comandas (GET, leitura pesada) 1-132
2026-09-09 22:13:21,128 INFO o.a.j.t.JMeterThread: Thread started: Cenario 1 - Listar Comandas (GET, leitura pesada) 1-133
2026-09-09 22:13:21,138 INFO o.a.j.t.JMeterThread: Thread started: Cenario 1 - Listar Comandas (GET, leitura pesada) 1-134
2026-09-09 22:13:21,148 INFO o.a.j.t.JMeterThread: Thread started: Cenario 1 - Listar Comandas (GET, leitura pesada) 1-135
2026-09-09 22:13:21,160 INFO o.a.j.t.JMeterThread: Thread started: Cenario 1 - Listar Comandas (GET, leitura pesada) 1-136
2026-09-09 22:13:21,170 INFO o.a.j.t.JMeterThread: Thread started: Cenario 1 - Listar Comandas (GET, leitura pesada) 1-137
2026-09-09 22:13:21,178 INFO o.a.j.t.JMeterThread: Thread started: Cenario 1 - Listar Comandas (GET, leitura pesada) 1-138
2026-09-09 22:13:21,188 INFO o.a.j.t.JMeterThread: Thread started: Cenario 1 - Listar Comandas (GET, leitura pesada) 1-139
2026-09-09 22:13:21,198 INFO o.a.j.t.JMeterThread: Thread started: Cenario 1 - Listar Comandas (GET, leitura pesada) 1-140
2026-09-09 22:13:21,208 INFO o.a.j.t.JMeterThread: Thread started: Cenario 1 - Listar Comandas (GET, leitura pesada) 1-141
2026-09-09 22:13:21,219 INFO o.a.j.t.JMeterThread: Thread started: Cenario 1 - Listar Comandas (GET, leitura pesada) 1-142
2026-09-09 22:13:21,229 INFO o.a.j.t.JMeterThread: Thread started: Cenario 1 - Listar Comandas (GET, leitura pesada) 1-143
2026-09-09 22:13:21,238 INFO o.a.j.t.JMeterThread: Thread started: Cenario 1 - Listar Comandas (GET, leitura pesada) 1-144
2026-09-09 22:13:21,249 INFO o.a.j.t.JMeterThread: Thread started: Cenario 1 - Listar Comandas (GET, leitura pesada) 1-145
2026-09-09 22:13:21,258 INFO o.a.j.t.JMeterThread: Thread started: Cenario 1 - Listar Comandas (GET, leitura pesada) 1-146
2026-09-09 22:13:21,268 INFO o.a.j.t.JMeterThread: Thread started: Cenario 1 - Listar Comandas (GET, leitura pesada) 1-147
2026-09-09 22:13:21,279 INFO o.a.j.t.JMeterThread: Thread started: Cenario 1 - Listar Comandas (GET, leitura pesada) 1-148
2026-09-09 22:13:21,289 INFO o.a.j.t.JMeterThread: Thread started: Cenario 1 - Listar Comandas (GET, leitura pesada) 1-149
2026-09-09 22:13:21,298 INFO o.a.j.t.JMeterThread: Thread started: Cenario 1 - Listar Comandas (GET, leitura pesada) 1-150
2026-09-09 22:13:21,308 INFO o.a.j.t.JMeterThread: Thread started: Cenario 1 - Listar Comandas (GET, leitura pesada) 1-151
2026-09-09 22:13:21,318 INFO o.a.j.t.JMeterThread: Thread started: Cenario 1 - Listar Comandas (GET, leitura pesada) 1-152
2026-09-09 22:13:21,329 INFO o.a.j.t.JMeterThread: Thread started: Cenario 1 - Listar Comandas (GET, leitura pesada) 1-153
2026-09-09 22:13:21,339 INFO o.a.j.t.JMeterThread: Thread started: Cenario 1 - Listar Comandas (GET, leitura pesada) 1-154
2026-09-09 22:13:21,348 INFO o.a.j.t.JMeterThread: Thread started: Cenario 1 - Listar Comandas (GET, leitura pesada) 1-155
2026-09-09 22:13:21,359 INFO o.a.j.t.JMeterThread: Thread started: Cenario 1 - Listar Comandas (GET, leitura pesada) 1-156
2026-09-09 22:13:21,369 INFO o.a.j.t.JMeterThread: Thread started: Cenario 1 - Listar Comandas (GET, leitura pesada) 1-157
2026-09-09 22:13:21,378 INFO o.a.j.t.JMeterThread: Thread started: Cenario 1 - Listar Comandas (GET, leitura pesada) 1-158
2026-09-09 22:13:21,388 INFO o.a.j.t.JMeterThread: Thread started: Cenario 1 - Listar Comandas (GET, leitura pesada) 1-159
2026-09-09 22:13:21,398 INFO o.a.j.t.JMeterThread: Thread started: Cenario 1 - Listar Comandas (GET, leitura pesada) 1-160
2026-09-09 22:13:21,410 INFO o.a.j.t.JMeterThread: Thread started: Cenario 1 - Listar Comandas (GET, leitura pesada) 1-161
2026-09-09 22:13:21,419 INFO o.a.j.t.JMeterThread: Thread started: Cenario 1 - Listar Comandas (GET, leitura pesada) 1-162
2026-09-09 22:13:21,428 INFO o.a.j.t.JMeterThread: Thread started: Cenario 1 - Listar Comandas (GET, leitura pesada) 1-163
2026-09-09 22:13:21,438 INFO o.a.j.t.JMeterThread: Thread started: Cenario 1 - Listar Comandas (GET, leitura pesada) 1-164
2026-09-09 22:13:21,448 INFO o.a.j.t.JMeterThread: Thread started: Cenario 1 - Listar Comandas (GET, leitura pesada) 1-165
2026-09-09 22:13:21,459 INFO o.a.j.t.JMeterThread: Thread started: Cenario 1 - Listar Comandas (GET, leitura pesada) 1-166
2026-09-09 22:13:21,469 INFO o.a.j.t.JMeterThread: Thread started: Cenario 1 - Listar Comandas (GET, leitura pesada) 1-167
2026-09-09 22:13:21,479 INFO o.a.j.t.JMeterThread: Thread started: Cenario 1 - Listar Comandas (GET, leitura pesada) 1-168
2026-09-09 22:13:21,488 INFO o.a.j.t.JMeterThread: Thread started: Cenario 1 - Listar Comandas (GET, leitura pesada) 1-169
2026-09-09 22:13:21,498 INFO o.a.j.t.JMeterThread: Thread started: Cenario 1 - Listar Comandas (GET, leitura pesada) 1-170
2026-09-09 22:13:21,508 INFO o.a.j.t.JMeterThread: Thread started: Cenario 1 - Listar Comandas (GET, leitura pesada) 1-171
2026-09-09 22:13:21,518 INFO o.a.j.t.JMeterThread: Thread started: Cenario 1 - Listar Comandas (GET, leitura pesada) 1-172
2026-09-09 22:13:21,529 INFO o.a.j.t.JMeterThread: Thread started: Cenario 1 - Listar Comandas (GET, leitura pesada) 1-173
2026-09-09 22:13:21,539 INFO o.a.j.t.JMeterThread: Thread started: Cenario 1 - Listar Comandas (GET, leitura pesada) 1-174
2026-09-09 22:13:21,548 INFO o.a.j.t.JMeterThread: Thread started: Cenario 1 - Listar Comandas (GET, leitura pesada) 1-175
2026-09-09 22:13:21,558 INFO o.a.j.t.JMeterThread: Thread started: Cenario 1 - Listar Comandas (GET, leitura pesada) 1-176
2026-09-09 22:13:21,568 INFO o.a.j.t.JMeterThread: Thread started: Cenario 1 - Listar Comandas (GET, leitura pesada) 1-177
2026-09-09 22:13:21,579 INFO o.a.j.t.JMeterThread: Thread started: Cenario 1 - Listar Comandas (GET, leitura pesada) 1-178
2026-09-09 22:13:21,588 INFO o.a.j.t.JMeterThread: Thread started: Cenario 1 - Listar Comandas (GET, leitura pesada) 1-179
2026-09-09 22:13:21,599 INFO o.a.j.t.JMeterThread: Thread started: Cenario 1 - Listar Comandas (GET, leitura pesada) 1-180
2026-09-09 22:13:21,609 INFO o.a.j.t.JMeterThread: Thread started: Cenario 1 - Listar Comandas (GET, leitura pesada) 1-181
2026-09-09 22:13:21,619 INFO o.a.j.t.JMeterThread: Thread started: Cenario 1 - Listar Comandas (GET, leitura pesada) 1-182
2026-09-09 22:13:21,629 INFO o.a.j.t.JMeterThread: Thread started: Cenario 1 - Listar Comandas (GET, leitura pesada) 1-183
2026-09-09 22:13:21,639 INFO o.a.j.t.JMeterThread: Thread started: Cenario 1 - Listar Comandas (GET, leitura pesada) 1-184
2026-09-09 22:13:21,648 INFO o.a.j.t.JMeterThread: Thread started: Cenario 1 - Listar Comandas (GET, leitura pesada) 1-185
2026-09-09 22:13:21,658 INFO o.a.j.t.JMeterThread: Thread started: Cenario 1 - Listar Comandas (GET, leitura pesada) 1-186
2026-09-09 22:13:21,669 INFO o.a.j.t.JMeterThread: Thread started: Cenario 1 - Listar Comandas (GET, leitura pesada) 1-187
2026-09-09 22:13:21,679 INFO o.a.j.t.JMeterThread: Thread started: Cenario 1 - Listar Comandas (GET, leitura pesada) 1-188
2026-09-09 22:13:21,688 INFO o.a.j.t.JMeterThread: Thread started: Cenario 1 - Listar Comandas (GET, leitura pesada) 1-189
2026-09-09 22:13:21,698 INFO o.a.j.t.JMeterThread: Thread started: Cenario 1 - Listar Comandas (GET, leitura pesada) 1-190
2026-09-09 22:13:21,708 INFO o.a.j.t.JMeterThread: Thread started: Cenario 1 - Listar Comandas (GET, leitura pesada) 1-191
2026-09-09 22:13:21,719 INFO o.a.j.t.JMeterThread: Thread started: Cenario 1 - Listar Comandas (GET, leitura pesada) 1-192
2026-09-09 22:13:21,728 INFO o.a.j.t.JMeterThread: Thread started: Cenario 1 - Listar Comandas (GET, leitura pesada) 1-193
2026-09-09 22:13:21,738 INFO o.a.j.t.JMeterThread: Thread started: Cenario 1 - Listar Comandas (GET, leitura pesada) 1-194
2026-09-09 22:13:21,748 INFO o.a.j.t.JMeterThread: Thread started: Cenario 1 - Listar Comandas (GET, leitura pesada) 1-195
2026-09-09 22:13:21,761 INFO o.a.j.t.JMeterThread: Thread started: Cenario 1 - Listar Comandas (GET, leitura pesada) 1-196
2026-09-09 22:13:21,770 INFO o.a.j.t.JMeterThread: Thread started: Cenario 1 - Listar Comandas (GET, leitura pesada) 1-197
2026-09-09 22:13:21,779 INFO o.a.j.t.JMeterThread: Thread started: Cenario 1 - Listar Comandas (GET, leitura pesada) 1-198
2026-09-09 22:13:21,789 INFO o.a.j.t.JMeterThread: Thread started: Cenario 1 - Listar Comandas (GET, leitura pesada) 1-199
2026-09-09 22:13:21,798 INFO o.a.j.t.JMeterThread: Thread started: Cenario 1 - Listar Comandas (GET, leitura pesada) 1-200
2026-09-09 22:13:21,808 INFO o.a.j.t.JMeterThread: Thread started: Cenario 1 - Listar Comandas (GET, leitura pesada) 1-201
2026-09-09 22:13:21,818 INFO o.a.j.t.JMeterThread: Thread started: Cenario 1 - Listar Comandas (GET, leitura pesada) 1-202
2026-09-09 22:13:21,828 INFO o.a.j.t.JMeterThread: Thread started: Cenario 1 - Listar Comandas (GET, leitura pesada) 1-203
2026-09-09 22:13:21,838 INFO o.a.j.t.JMeterThread: Thread started: Cenario 1 - Listar Comandas (GET, leitura pesada) 1-204
2026-09-09 22:13:21,848 INFO o.a.j.t.JMeterThread: Thread started: Cenario 1 - Listar Comandas (GET, leitura pesada) 1-205
2026-09-09 22:13:21,859 INFO o.a.j.t.JMeterThread: Thread started: Cenario 1 - Listar Comandas (GET, leitura pesada) 1-206
2026-09-09 22:13:21,869 INFO o.a.j.t.JMeterThread: Thread started: Cenario 1 - Listar Comandas (GET, leitura pesada) 1-207
2026-09-09 22:13:21,879 INFO o.a.j.t.JMeterThread: Thread started: Cenario 1 - Listar Comandas (GET, leitura pesada) 1-208
2026-09-09 22:13:21,889 INFO o.a.j.t.JMeterThread: Thread started: Cenario 1 - Listar Comandas (GET, leitura pesada) 1-209
2026-09-09 22:13:21,900 INFO o.a.j.t.JMeterThread: Thread started: Cenario 1 - Listar Comandas (GET, leitura pesada) 1-210
2026-09-09 22:13:21,910 INFO o.a.j.t.JMeterThread: Thread started: Cenario 1 - Listar Comandas (GET, leitura pesada) 1-211
2026-09-09 22:13:21,919 INFO o.a.j.t.JMeterThread: Thread started: Cenario 1 - Listar Comandas (GET, leitura pesada) 1-212
2026-09-09 22:13:21,929 INFO o.a.j.t.JMeterThread: Thread started: Cenario 1 - Listar Comandas (GET, leitura pesada) 1-213
2026-09-09 22:13:21,938 INFO o.a.j.t.JMeterThread: Thread started: Cenario 1 - Listar Comandas (GET, leitura pesada) 1-214
2026-09-09 22:13:21,948 INFO o.a.j.t.JMeterThread: Thread started: Cenario 1 - Listar Comandas (GET, leitura pesada) 1-215
2026-09-09 22:13:21,958 INFO o.a.j.t.JMeterThread: Thread started: Cenario 1 - Listar Comandas (GET, leitura pesada) 1-216
2026-09-09 22:13:21,970 INFO o.a.j.t.JMeterThread: Thread started: Cenario 1 - Listar Comandas (GET, leitura pesada) 1-217
2026-09-09 22:13:21,980 INFO o.a.j.t.JMeterThread: Thread started: Cenario 1 - Listar Comandas (GET, leitura pesada) 1-218
2026-09-09 22:13:21,988 INFO o.a.j.t.JMeterThread: Thread started: Cenario 1 - Listar Comandas (GET, leitura pesada) 1-219
2026-09-09 22:13:21,998 INFO o.a.j.t.JMeterThread: Thread started: Cenario 1 - Listar Comandas (GET, leitura pesada) 1-220
2026-09-09 22:13:22,008 INFO o.a.j.t.JMeterThread: Thread started: Cenario 1 - Listar Comandas (GET, leitura pesada) 1-221
2026-09-09 22:13:22,019 INFO o.a.j.t.JMeterThread: Thread started: Cenario 1 - Listar Comandas (GET, leitura pesada) 1-222
2026-09-09 22:13:22,029 INFO o.a.j.t.JMeterThread: Thread started: Cenario 1 - Listar Comandas (GET, leitura pesada) 1-223
2026-09-09 22:13:22,039 INFO o.a.j.t.JMeterThread: Thread started: Cenario 1 - Listar Comandas (GET, leitura pesada) 1-224
2026-09-09 22:13:22,048 INFO o.a.j.t.JMeterThread: Thread started: Cenario 1 - Listar Comandas (GET, leitura pesada) 1-225
2026-09-09 22:13:22,059 INFO o.a.j.t.JMeterThread: Thread started: Cenario 1 - Listar Comandas (GET, leitura pesada) 1-226
2026-09-09 22:13:22,069 INFO o.a.j.t.JMeterThread: Thread started: Cenario 1 - Listar Comandas (GET, leitura pesada) 1-227
2026-09-09 22:13:22,078 INFO o.a.j.t.JMeterThread: Thread started: Cenario 1 - Listar Comandas (GET, leitura pesada) 1-228
2026-09-09 22:13:22,089 INFO o.a.j.t.JMeterThread: Thread started: Cenario 1 - Listar Comandas (GET, leitura pesada) 1-229
2026-09-09 22:13:22,099 INFO o.a.j.t.JMeterThread: Thread started: Cenario 1 - Listar Comandas (GET, leitura pesada) 1-230
2026-09-09 22:13:22,108 INFO o.a.j.t.JMeterThread: Thread started: Cenario 1 - Listar Comandas (GET, leitura pesada) 1-231
2026-09-09 22:13:22,119 INFO o.a.j.t.JMeterThread: Thread started: Cenario 1 - Listar Comandas (GET, leitura pesada) 1-232
2026-09-09 22:13:22,129 INFO o.a.j.t.JMeterThread: Thread started: Cenario 1 - Listar Comandas (GET, leitura pesada) 1-233
2026-09-09 22:13:22,138 INFO o.a.j.t.JMeterThread: Thread started: Cenario 1 - Listar Comandas (GET, leitura pesada) 1-234
2026-09-09 22:13:22,149 INFO o.a.j.t.JMeterThread: Thread started: Cenario 1 - Listar Comandas (GET, leitura pesada) 1-235
2026-09-09 22:13:22,159 INFO o.a.j.t.JMeterThread: Thread started: Cenario 1 - Listar Comandas (GET, leitura pesada) 1-236
2026-09-09 22:13:22,169 INFO o.a.j.t.JMeterThread: Thread started: Cenario 1 - Listar Comandas (GET, leitura pesada) 1-237
2026-09-09 22:13:22,180 INFO o.a.j.t.JMeterThread: Thread started: Cenario 1 - Listar Comandas (GET, leitura pesada) 1-238
2026-09-09 22:13:22,189 INFO o.a.j.t.JMeterThread: Thread started: Cenario 1 - Listar Comandas (GET, leitura pesada) 1-239
2026-09-09 22:13:22,199 INFO o.a.j.t.JMeterThread: Thread started: Cenario 1 - Listar Comandas (GET, leitura pesada) 1-240
2026-09-09 22:13:22,209 INFO o.a.j.t.JMeterThread: Thread started: Cenario 1 - Listar Comandas (GET, leitura pesada) 1-241
2026-09-09 22:13:22,220 INFO o.a.j.t.JMeterThread: Thread started: Cenario 1 - Listar Comandas (GET, leitura pesada) 1-242
2026-09-09 22:13:22,230 INFO o.a.j.t.JMeterThread: Thread started: Cenario 1 - Listar Comandas (GET, leitura pesada) 1-243
2026-09-09 22:13:22,240 INFO o.a.j.t.JMeterThread: Thread started: Cenario 1 - Listar Comandas (GET, leitura pesada) 1-244
2026-09-09 22:13:22,248 INFO o.a.j.t.JMeterThread: Thread started: Cenario 1 - Listar Comandas (GET, leitura pesada) 1-245
2026-09-09 22:13:22,258 INFO o.a.j.t.JMeterThread: Thread started: Cenario 1 - Listar Comandas (GET, leitura pesada) 1-246
2026-09-09 22:13:22,268 INFO o.a.j.t.JMeterThread: Thread started: Cenario 1 - Listar Comandas (GET, leitura pesada) 1-247
2026-09-09 22:13:22,278 INFO o.a.j.t.JMeterThread: Thread started: Cenario 1 - Listar Comandas (GET, leitura pesada) 1-248
2026-09-09 22:13:22,290 INFO o.a.j.t.JMeterThread: Thread started: Cenario 1 - Listar Comandas (GET, leitura pesada) 1-249
2026-09-09 22:13:22,300 INFO o.a.j.t.JMeterThread: Thread started: Cenario 1 - Listar Comandas (GET, leitura pesada) 1-250
2026-09-09 22:13:22,309 INFO o.a.j.t.JMeterThread: Thread started: Cenario 1 - Listar Comandas (GET, leitura pesada) 1-251
2026-09-09 22:13:22,318 INFO o.a.j.t.JMeterThread: Thread started: Cenario 1 - Listar Comandas (GET, leitura pesada) 1-252
2026-09-09 22:13:22,328 INFO o.a.j.t.JMeterThread: Thread started: Cenario 1 - Listar Comandas (GET, leitura pesada) 1-253
2026-09-09 22:13:22,338 INFO o.a.j.t.JMeterThread: Thread started: Cenario 1 - Listar Comandas (GET, leitura pesada) 1-254
2026-09-09 22:13:22,348 INFO o.a.j.t.JMeterThread: Thread started: Cenario 1 - Listar Comandas (GET, leitura pesada) 1-255
2026-09-09 22:13:22,359 INFO o.a.j.t.JMeterThread: Thread started: Cenario 1 - Listar Comandas (GET, leitura pesada) 1-256
2026-09-09 22:13:22,370 INFO o.a.j.t.JMeterThread: Thread started: Cenario 1 - Listar Comandas (GET, leitura pesada) 1-257
2026-09-09 22:13:22,378 INFO o.a.j.t.JMeterThread: Thread started: Cenario 1 - Listar Comandas (GET, leitura pesada) 1-258
2026-09-09 22:13:22,388 INFO o.a.j.t.JMeterThread: Thread started: Cenario 1 - Listar Comandas (GET, leitura pesada) 1-259
2026-09-09 22:13:22,398 INFO o.a.j.t.JMeterThread: Thread started: Cenario 1 - Listar Comandas (GET, leitura pesada) 1-260
2026-09-09 22:13:22,408 INFO o.a.j.t.JMeterThread: Thread started: Cenario 1 - Listar Comandas (GET, leitura pesada) 1-261
2026-09-09 22:13:22,418 INFO o.a.j.t.JMeterThread: Thread started: Cenario 1 - Listar Comandas (GET, leitura pesada) 1-262
2026-09-09 22:13:22,428 INFO o.a.j.t.JMeterThread: Thread started: Cenario 1 - Listar Comandas (GET, leitura pesada) 1-263
2026-09-09 22:13:22,439 INFO o.a.j.t.JMeterThread: Thread started: Cenario 1 - Listar Comandas (GET, leitura pesada) 1-264
2026-09-09 22:13:22,449 INFO o.a.j.t.JMeterThread: Thread started: Cenario 1 - Listar Comandas (GET, leitura pesada) 1-265
2026-09-09 22:13:22,458 INFO o.a.j.t.JMeterThread: Thread started: Cenario 1 - Listar Comandas (GET, leitura pesada) 1-266
2026-09-09 22:13:22,468 INFO o.a.j.t.JMeterThread: Thread started: Cenario 1 - Listar Comandas (GET, leitura pesada) 1-267
2026-09-09 22:13:22,478 INFO o.a.j.t.JMeterThread: Thread started: Cenario 1 - Listar Comandas (GET, leitura pesada) 1-268
2026-09-09 22:13:22,489 INFO o.a.j.t.JMeterThread: Thread started: Cenario 1 - Listar Comandas (GET, leitura pesada) 1-269
2026-09-09 22:13:22,498 INFO o.a.j.t.JMeterThread: Thread started: Cenario 1 - Listar Comandas (GET, leitura pesada) 1-270
2026-09-09 22:13:22,508 INFO o.a.j.t.JMeterThread: Thread started: Cenario 1 - Listar Comandas (GET, leitura pesada) 1-271
2026-09-09 22:13:22,519 INFO o.a.j.t.JMeterThread: Thread started: Cenario 1 - Listar Comandas (GET, leitura pesada) 1-272
2026-09-09 22:13:22,528 INFO o.a.j.t.JMeterThread: Thread started: Cenario 1 - Listar Comandas (GET, leitura pesada) 1-273
2026-09-09 22:13:22,539 INFO o.a.j.t.JMeterThread: Thread started: Cenario 1 - Listar Comandas (GET, leitura pesada) 1-274
2026-09-09 22:13:22,549 INFO o.a.j.t.JMeterThread: Thread started: Cenario 1 - Listar Comandas (GET, leitura pesada) 1-275
2026-09-09 22:13:22,558 INFO o.a.j.t.JMeterThread: Thread started: Cenario 1 - Listar Comandas (GET, leitura pesada) 1-276
2026-09-09 22:13:22,568 INFO o.a.j.t.JMeterThread: Thread started: Cenario 1 - Listar Comandas (GET, leitura pesada) 1-277
2026-09-09 22:13:22,579 INFO o.a.j.t.JMeterThread: Thread started: Cenario 1 - Listar Comandas (GET, leitura pesada) 1-278
2026-09-09 22:13:22,590 INFO o.a.j.t.JMeterThread: Thread started: Cenario 1 - Listar Comandas (GET, leitura pesada) 1-279
2026-09-09 22:13:22,598 INFO o.a.j.t.JMeterThread: Thread started: Cenario 1 - Listar Comandas (GET, leitura pesada) 1-280
2026-09-09 22:13:22,609 INFO o.a.j.t.JMeterThread: Thread started: Cenario 1 - Listar Comandas (GET, leitura pesada) 1-281
2026-09-09 22:13:22,619 INFO o.a.j.t.JMeterThread: Thread started: Cenario 1 - Listar Comandas (GET, leitura pesada) 1-282
2026-09-09 22:13:22,628 INFO o.a.j.t.JMeterThread: Thread started: Cenario 1 - Listar Comandas (GET, leitura pesada) 1-283
2026-09-09 22:13:22,638 INFO o.a.j.t.JMeterThread: Thread started: Cenario 1 - Listar Comandas (GET, leitura pesada) 1-284
2026-09-09 22:13:22,648 INFO o.a.j.t.JMeterThread: Thread started: Cenario 1 - Listar Comandas (GET, leitura pesada) 1-285
2026-09-09 22:13:22,658 INFO o.a.j.t.JMeterThread: Thread started: Cenario 1 - Listar Comandas (GET, leitura pesada) 1-286
2026-09-09 22:13:22,669 INFO o.a.j.t.JMeterThread: Thread started: Cenario 1 - Listar Comandas (GET, leitura pesada) 1-287
2026-09-09 22:13:22,680 INFO o.a.j.t.JMeterThread: Thread started: Cenario 1 - Listar Comandas (GET, leitura pesada) 1-288
2026-09-09 22:13:22,688 INFO o.a.j.t.JMeterThread: Thread started: Cenario 1 - Listar Comandas (GET, leitura pesada) 1-289
2026-09-09 22:13:22,698 INFO o.a.j.t.JMeterThread: Thread started: Cenario 1 - Listar Comandas (GET, leitura pesada) 1-290
2026-09-09 22:13:22,709 INFO o.a.j.t.JMeterThread: Thread started: Cenario 1 - Listar Comandas (GET, leitura pesada) 1-291
2026-09-09 22:13:22,720 INFO o.a.j.t.JMeterThread: Thread started: Cenario 1 - Listar Comandas (GET, leitura pesada) 1-292
2026-09-09 22:13:22,729 INFO o.a.j.t.JMeterThread: Thread started: Cenario 1 - Listar Comandas (GET, leitura pesada) 1-293
2026-09-09 22:13:22,739 INFO o.a.j.t.JMeterThread: Thread started: Cenario 1 - Listar Comandas (GET, leitura pesada) 1-294
2026-09-09 22:13:22,749 INFO o.a.j.t.JMeterThread: Thread started: Cenario 1 - Listar Comandas (GET, leitura pesada) 1-295
2026-09-09 22:13:22,759 INFO o.a.j.t.JMeterThread: Thread started: Cenario 1 - Listar Comandas (GET, leitura pesada) 1-296
2026-09-09 22:13:22,770 INFO o.a.j.t.JMeterThread: Thread started: Cenario 1 - Listar Comandas (GET, leitura pesada) 1-297
2026-09-09 22:13:22,779 INFO o.a.j.t.JMeterThread: Thread started: Cenario 1 - Listar Comandas (GET, leitura pesada) 1-298
2026-09-09 22:13:22,788 INFO o.a.j.t.JMeterThread: Thread started: Cenario 1 - Listar Comandas (GET, leitura pesada) 1-299
2026-09-09 22:13:22,798 INFO o.a.j.t.JMeterThread: Thread started: Cenario 1 - Listar Comandas (GET, leitura pesada) 1-300
2026-09-09 22:13:22,808 INFO o.a.j.t.JMeterThread: Thread started: Cenario 1 - Listar Comandas (GET, leitura pesada) 1-301
2026-09-09 22:13:22,818 INFO o.a.j.t.JMeterThread: Thread started: Cenario 1 - Listar Comandas (GET, leitura pesada) 1-302
2026-09-09 22:13:22,829 INFO o.a.j.t.JMeterThread: Thread started: Cenario 1 - Listar Comandas (GET, leitura pesada) 1-303
2026-09-09 22:13:22,838 INFO o.a.j.t.JMeterThread: Thread started: Cenario 1 - Listar Comandas (GET, leitura pesada) 1-304
2026-09-09 22:13:22,849 INFO o.a.j.t.JMeterThread: Thread started: Cenario 1 - Listar Comandas (GET, leitura pesada) 1-305
2026-09-09 22:13:22,859 INFO o.a.j.t.JMeterThread: Thread started: Cenario 1 - Listar Comandas (GET, leitura pesada) 1-306
2026-09-09 22:13:22,868 INFO o.a.j.t.JMeterThread: Thread started: Cenario 1 - Listar Comandas (GET, leitura pesada) 1-307
2026-09-09 22:13:22,878 INFO o.a.j.t.JMeterThread: Thread started: Cenario 1 - Listar Comandas (GET, leitura pesada) 1-308
2026-09-09 22:13:22,889 INFO o.a.j.t.JMeterThread: Thread started: Cenario 1 - Listar Comandas (GET, leitura pesada) 1-309
2026-09-09 22:13:22,900 INFO o.a.j.t.JMeterThread: Thread started: Cenario 1 - Listar Comandas (GET, leitura pesada) 1-310
2026-09-09 22:13:22,909 INFO o.a.j.t.JMeterThread: Thread started: Cenario 1 - Listar Comandas (GET, leitura pesada) 1-311
2026-09-09 22:13:22,919 INFO o.a.j.t.JMeterThread: Thread started: Cenario 1 - Listar Comandas (GET, leitura pesada) 1-312
2026-09-09 22:13:22,929 INFO o.a.j.t.JMeterThread: Thread started: Cenario 1 - Listar Comandas (GET, leitura pesada) 1-313
2026-09-09 22:13:22,938 INFO o.a.j.t.JMeterThread: Thread started: Cenario 1 - Listar Comandas (GET, leitura pesada) 1-314
2026-09-09 22:13:22,950 INFO o.a.j.t.JMeterThread: Thread started: Cenario 1 - Listar Comandas (GET, leitura pesada) 1-315
2026-09-09 22:13:22,959 INFO o.a.j.t.JMeterThread: Thread started: Cenario 1 - Listar Comandas (GET, leitura pesada) 1-316
2026-09-09 22:13:22,968 INFO o.a.j.t.JMeterThread: Thread started: Cenario 1 - Listar Comandas (GET, leitura pesada) 1-317
2026-09-09 22:13:22,978 INFO o.a.j.t.JMeterThread: Thread started: Cenario 1 - Listar Comandas (GET, leitura pesada) 1-318
2026-09-09 22:13:22,989 INFO o.a.j.t.JMeterThread: Thread started: Cenario 1 - Listar Comandas (GET, leitura pesada) 1-319
2026-09-09 22:13:22,999 INFO o.a.j.t.JMeterThread: Thread started: Cenario 1 - Listar Comandas (GET, leitura pesada) 1-320
2026-09-09 22:13:23,009 INFO o.a.j.t.JMeterThread: Thread started: Cenario 1 - Listar Comandas (GET, leitura pesada) 1-321
2026-09-09 22:13:23,020 INFO o.a.j.t.JMeterThread: Thread started: Cenario 1 - Listar Comandas (GET, leitura pesada) 1-322
2026-09-09 22:13:23,028 INFO o.a.j.t.JMeterThread: Thread started: Cenario 1 - Listar Comandas (GET, leitura pesada) 1-323
2026-09-09 22:13:23,038 INFO o.a.j.t.JMeterThread: Thread started: Cenario 1 - Listar Comandas (GET, leitura pesada) 1-324
2026-09-09 22:13:23,049 INFO o.a.j.t.JMeterThread: Thread started: Cenario 1 - Listar Comandas (GET, leitura pesada) 1-325
2026-09-09 22:13:23,058 INFO o.a.j.t.JMeterThread: Thread started: Cenario 1 - Listar Comandas (GET, leitura pesada) 1-326
2026-09-09 22:13:23,069 INFO o.a.j.t.JMeterThread: Thread started: Cenario 1 - Listar Comandas (GET, leitura pesada) 1-327
2026-09-09 22:13:23,078 INFO o.a.j.t.JMeterThread: Thread started: Cenario 1 - Listar Comandas (GET, leitura pesada) 1-328
2026-09-09 22:13:23,089 INFO o.a.j.t.JMeterThread: Thread started: Cenario 1 - Listar Comandas (GET, leitura pesada) 1-329
2026-09-09 22:13:23,098 INFO o.a.j.t.JMeterThread: Thread started: Cenario 1 - Listar Comandas (GET, leitura pesada) 1-330
2026-09-09 22:13:23,108 INFO o.a.j.t.JMeterThread: Thread started: Cenario 1 - Listar Comandas (GET, leitura pesada) 1-331
2026-09-09 22:13:23,119 INFO o.a.j.t.JMeterThread: Thread started: Cenario 1 - Listar Comandas (GET, leitura pesada) 1-332
2026-09-09 22:13:23,129 INFO o.a.j.t.JMeterThread: Thread started: Cenario 1 - Listar Comandas (GET, leitura pesada) 1-333
2026-09-09 22:13:23,138 INFO o.a.j.t.JMeterThread: Thread started: Cenario 1 - Listar Comandas (GET, leitura pesada) 1-334
2026-09-09 22:13:23,148 INFO o.a.j.t.JMeterThread: Thread started: Cenario 1 - Listar Comandas (GET, leitura pesada) 1-335
2026-09-09 22:13:23,159 INFO o.a.j.t.JMeterThread: Thread started: Cenario 1 - Listar Comandas (GET, leitura pesada) 1-336
2026-09-09 22:13:23,169 INFO o.a.j.t.JMeterThread: Thread started: Cenario 1 - Listar Comandas (GET, leitura pesada) 1-337
2026-09-09 22:13:23,178 INFO o.a.j.t.JMeterThread: Thread started: Cenario 1 - Listar Comandas (GET, leitura pesada) 1-338
2026-09-09 22:13:23,188 INFO o.a.j.t.JMeterThread: Thread started: Cenario 1 - Listar Comandas (GET, leitura pesada) 1-339
2026-09-09 22:13:23,198 INFO o.a.j.t.JMeterThread: Thread started: Cenario 1 - Listar Comandas (GET, leitura pesada) 1-340
2026-09-09 22:13:23,208 INFO o.a.j.t.JMeterThread: Thread started: Cenario 1 - Listar Comandas (GET, leitura pesada) 1-341
2026-09-09 22:13:23,219 INFO o.a.j.t.JMeterThread: Thread started: Cenario 1 - Listar Comandas (GET, leitura pesada) 1-342
2026-09-09 22:13:23,229 INFO o.a.j.t.JMeterThread: Thread started: Cenario 1 - Listar Comandas (GET, leitura pesada) 1-343
2026-09-09 22:13:23,238 INFO o.a.j.t.JMeterThread: Thread started: Cenario 1 - Listar Comandas (GET, leitura pesada) 1-344
2026-09-09 22:13:23,248 INFO o.a.j.t.JMeterThread: Thread started: Cenario 1 - Listar Comandas (GET, leitura pesada) 1-345
2026-09-09 22:13:23,258 INFO o.a.j.t.JMeterThread: Thread started: Cenario 1 - Listar Comandas (GET, leitura pesada) 1-346
2026-09-09 22:13:23,268 INFO o.a.j.t.JMeterThread: Thread started: Cenario 1 - Listar Comandas (GET, leitura pesada) 1-347
2026-09-09 22:13:23,278 INFO o.a.j.t.JMeterThread: Thread started: Cenario 1 - Listar Comandas (GET, leitura pesada) 1-348
2026-09-09 22:13:23,288 INFO o.a.j.t.JMeterThread: Thread started: Cenario 1 - Listar Comandas (GET, leitura pesada) 1-349
2026-09-09 22:13:23,298 INFO o.a.j.t.JMeterThread: Thread started: Cenario 1 - Listar Comandas (GET, leitura pesada) 1-350
2026-09-09 22:13:23,310 INFO o.a.j.t.JMeterThread: Thread started: Cenario 1 - Listar Comandas (GET, leitura pesada) 1-351
2026-09-09 22:13:23,320 INFO o.a.j.t.JMeterThread: Thread started: Cenario 1 - Listar Comandas (GET, leitura pesada) 1-352
2026-09-09 22:13:23,329 INFO o.a.j.t.JMeterThread: Thread started: Cenario 1 - Listar Comandas (GET, leitura pesada) 1-353
2026-09-09 22:13:23,338 INFO o.a.j.t.JMeterThread: Thread started: Cenario 1 - Listar Comandas (GET, leitura pesada) 1-354
2026-09-09 22:13:23,348 INFO o.a.j.t.JMeterThread: Thread started: Cenario 1 - Listar Comandas (GET, leitura pesada) 1-355
2026-09-09 22:13:23,359 INFO o.a.j.t.JMeterThread: Thread started: Cenario 1 - Listar Comandas (GET, leitura pesada) 1-356
2026-09-09 22:13:23,369 INFO o.a.j.t.JMeterThread: Thread started: Cenario 1 - Listar Comandas (GET, leitura pesada) 1-357
2026-09-09 22:13:23,379 INFO o.a.j.t.JMeterThread: Thread started: Cenario 1 - Listar Comandas (GET, leitura pesada) 1-358
2026-09-09 22:13:23,388 INFO o.a.j.t.JMeterThread: Thread started: Cenario 1 - Listar Comandas (GET, leitura pesada) 1-359
2026-09-09 22:13:23,398 INFO o.a.j.t.JMeterThread: Thread started: Cenario 1 - Listar Comandas (GET, leitura pesada) 1-360
2026-09-09 22:13:23,408 INFO o.a.j.t.JMeterThread: Thread started: Cenario 1 - Listar Comandas (GET, leitura pesada) 1-361
2026-09-09 22:13:23,419 INFO o.a.j.t.JMeterThread: Thread started: Cenario 1 - Listar Comandas (GET, leitura pesada) 1-362
2026-09-09 22:13:23,429 INFO o.a.j.t.JMeterThread: Thread started: Cenario 1 - Listar Comandas (GET, leitura pesada) 1-363
2026-09-09 22:13:23,438 INFO o.a.j.t.JMeterThread: Thread started: Cenario 1 - Listar Comandas (GET, leitura pesada) 1-364
2026-09-09 22:13:23,448 INFO o.a.j.t.JMeterThread: Thread started: Cenario 1 - Listar Comandas (GET, leitura pesada) 1-365
2026-09-09 22:13:23,458 INFO o.a.j.t.JMeterThread: Thread started: Cenario 1 - Listar Comandas (GET, leitura pesada) 1-366
2026-09-09 22:13:23,470 INFO o.a.j.t.JMeterThread: Thread started: Cenario 1 - Listar Comandas (GET, leitura pesada) 1-367
2026-09-09 22:13:23,480 INFO o.a.j.t.JMeterThread: Thread started: Cenario 1 - Listar Comandas (GET, leitura pesada) 1-368
2026-09-09 22:13:23,489 INFO o.a.j.t.JMeterThread: Thread started: Cenario 1 - Listar Comandas (GET, leitura pesada) 1-369
2026-09-09 22:13:23,499 INFO o.a.j.t.JMeterThread: Thread started: Cenario 1 - Listar Comandas (GET, leitura pesada) 1-370
2026-09-09 22:13:23,509 INFO o.a.j.t.JMeterThread: Thread started: Cenario 1 - Listar Comandas (GET, leitura pesada) 1-371
2026-09-09 22:13:23,520 INFO o.a.j.t.JMeterThread: Thread started: Cenario 1 - Listar Comandas (GET, leitura pesada) 1-372
2026-09-09 22:13:23,528 INFO o.a.j.t.JMeterThread: Thread started: Cenario 1 - Listar Comandas (GET, leitura pesada) 1-373
2026-09-09 22:13:23,538 INFO o.a.j.t.JMeterThread: Thread started: Cenario 1 - Listar Comandas (GET, leitura pesada) 1-374
2026-09-09 22:13:23,548 INFO o.a.j.t.JMeterThread: Thread started: Cenario 1 - Listar Comandas (GET, leitura pesada) 1-375
2026-09-09 22:13:23,560 INFO o.a.j.t.JMeterThread: Thread started: Cenario 1 - Listar Comandas (GET, leitura pesada) 1-376
2026-09-09 22:13:23,569 INFO o.a.j.t.JMeterThread: Thread started: Cenario 1 - Listar Comandas (GET, leitura pesada) 1-377
2026-09-09 22:13:23,578 INFO o.a.j.t.JMeterThread: Thread started: Cenario 1 - Listar Comandas (GET, leitura pesada) 1-378
2026-09-09 22:13:23,588 INFO o.a.j.t.JMeterThread: Thread started: Cenario 1 - Listar Comandas (GET, leitura pesada) 1-379
2026-09-09 22:13:23,599 INFO o.a.j.t.JMeterThread: Thread started: Cenario 1 - Listar Comandas (GET, leitura pesada) 1-380
2026-09-09 22:13:23,609 INFO o.a.j.t.JMeterThread: Thread started: Cenario 1 - Listar Comandas (GET, leitura pesada) 1-381
2026-09-09 22:13:23,619 INFO o.a.j.t.JMeterThread: Thread started: Cenario 1 - Listar Comandas (GET, leitura pesada) 1-382
2026-09-09 22:13:23,628 INFO o.a.j.t.JMeterThread: Thread started: Cenario 1 - Listar Comandas (GET, leitura pesada) 1-383
2026-09-09 22:13:23,639 INFO o.a.j.t.JMeterThread: Thread started: Cenario 1 - Listar Comandas (GET, leitura pesada) 1-384
2026-09-09 22:13:23,648 INFO o.a.j.t.JMeterThread: Thread started: Cenario 1 - Listar Comandas (GET, leitura pesada) 1-385
2026-09-09 22:13:23,660 INFO o.a.j.t.JMeterThread: Thread started: Cenario 1 - Listar Comandas (GET, leitura pesada) 1-386
2026-09-09 22:13:23,670 INFO o.a.j.t.JMeterThread: Thread started: Cenario 1 - Listar Comandas (GET, leitura pesada) 1-387
2026-09-09 22:13:23,679 INFO o.a.j.t.JMeterThread: Thread started: Cenario 1 - Listar Comandas (GET, leitura pesada) 1-388
2026-09-09 22:13:23,688 INFO o.a.j.t.JMeterThread: Thread started: Cenario 1 - Listar Comandas (GET, leitura pesada) 1-389
2026-09-09 22:13:23,699 INFO o.a.j.t.JMeterThread: Thread started: Cenario 1 - Listar Comandas (GET, leitura pesada) 1-390
2026-09-09 22:13:23,708 INFO o.a.j.t.JMeterThread: Thread started: Cenario 1 - Listar Comandas (GET, leitura pesada) 1-391
2026-09-09 22:13:23,718 INFO o.a.j.t.JMeterThread: Thread started: Cenario 1 - Listar Comandas (GET, leitura pesada) 1-392
2026-09-09 22:13:23,729 INFO o.a.j.t.JMeterThread: Thread started: Cenario 1 - Listar Comandas (GET, leitura pesada) 1-393
2026-09-09 22:13:23,739 INFO o.a.j.t.JMeterThread: Thread started: Cenario 1 - Listar Comandas (GET, leitura pesada) 1-394
2026-09-09 22:13:23,748 INFO o.a.j.t.JMeterThread: Thread started: Cenario 1 - Listar Comandas (GET, leitura pesada) 1-395
2026-09-09 22:13:23,758 INFO o.a.j.t.JMeterThread: Thread started: Cenario 1 - Listar Comandas (GET, leitura pesada) 1-396
2026-09-09 22:13:23,768 INFO o.a.j.t.JMeterThread: Thread started: Cenario 1 - Listar Comandas (GET, leitura pesada) 1-397
2026-09-09 22:13:23,779 INFO o.a.j.t.JMeterThread: Thread started: Cenario 1 - Listar Comandas (GET, leitura pesada) 1-398
2026-09-09 22:13:23,789 INFO o.a.j.t.JMeterThread: Thread started: Cenario 1 - Listar Comandas (GET, leitura pesada) 1-399
2026-09-09 22:13:23,798 INFO o.a.j.t.JMeterThread: Thread started: Cenario 1 - Listar Comandas (GET, leitura pesada) 1-400
2026-09-09 22:13:23,808 INFO o.a.j.t.JMeterThread: Thread started: Cenario 1 - Listar Comandas (GET, leitura pesada) 1-401
2026-09-09 22:13:23,818 INFO o.a.j.t.JMeterThread: Thread started: Cenario 1 - Listar Comandas (GET, leitura pesada) 1-402
2026-09-09 22:13:23,829 INFO o.a.j.t.JMeterThread: Thread started: Cenario 1 - Listar Comandas (GET, leitura pesada) 1-403
2026-09-09 22:13:23,839 INFO o.a.j.t.JMeterThread: Thread started: Cenario 1 - Listar Comandas (GET, leitura pesada) 1-404
2026-09-09 22:13:23,848 INFO o.a.j.t.JMeterThread: Thread started: Cenario 1 - Listar Comandas (GET, leitura pesada) 1-405
2026-09-09 22:13:23,858 INFO o.a.j.t.JMeterThread: Thread started: Cenario 1 - Listar Comandas (GET, leitura pesada) 1-406
2026-09-09 22:13:23,868 INFO o.a.j.t.JMeterThread: Thread started: Cenario 1 - Listar Comandas (GET, leitura pesada) 1-407
2026-09-09 22:13:23,880 INFO o.a.j.t.JMeterThread: Thread started: Cenario 1 - Listar Comandas (GET, leitura pesada) 1-408
2026-09-09 22:13:23,890 INFO o.a.j.t.JMeterThread: Thread started: Cenario 1 - Listar Comandas (GET, leitura pesada) 1-409
2026-09-09 22:13:23,898 INFO o.a.j.t.JMeterThread: Thread started: Cenario 1 - Listar Comandas (GET, leitura pesada) 1-410
2026-09-09 22:13:23,908 INFO o.a.j.t.JMeterThread: Thread started: Cenario 1 - Listar Comandas (GET, leitura pesada) 1-411
2026-09-09 22:13:23,919 INFO o.a.j.t.JMeterThread: Thread started: Cenario 1 - Listar Comandas (GET, leitura pesada) 1-412
2026-09-09 22:13:23,929 INFO o.a.j.t.JMeterThread: Thread started: Cenario 1 - Listar Comandas (GET, leitura pesada) 1-413
2026-09-09 22:13:23,939 INFO o.a.j.t.JMeterThread: Thread started: Cenario 1 - Listar Comandas (GET, leitura pesada) 1-414
2026-09-09 22:13:23,949 INFO o.a.j.t.JMeterThread: Thread started: Cenario 1 - Listar Comandas (GET, leitura pesada) 1-415
2026-09-09 22:13:23,959 INFO o.a.j.t.JMeterThread: Thread started: Cenario 1 - Listar Comandas (GET, leitura pesada) 1-416
2026-09-09 22:13:23,969 INFO o.a.j.t.JMeterThread: Thread started: Cenario 1 - Listar Comandas (GET, leitura pesada) 1-417
2026-09-09 22:13:23,978 INFO o.a.j.t.JMeterThread: Thread started: Cenario 1 - Listar Comandas (GET, leitura pesada) 1-418
2026-09-09 22:13:23,988 INFO o.a.j.t.JMeterThread: Thread started: Cenario 1 - Listar Comandas (GET, leitura pesada) 1-419
2026-09-09 22:13:23,998 INFO o.a.j.t.JMeterThread: Thread started: Cenario 1 - Listar Comandas (GET, leitura pesada) 1-420
2026-09-09 22:13:24,008 INFO o.a.j.t.JMeterThread: Thread started: Cenario 1 - Listar Comandas (GET, leitura pesada) 1-421
2026-09-09 22:13:24,019 INFO o.a.j.t.JMeterThread: Thread started: Cenario 1 - Listar Comandas (GET, leitura pesada) 1-422
2026-09-09 22:13:24,030 INFO o.a.j.t.JMeterThread: Thread started: Cenario 1 - Listar Comandas (GET, leitura pesada) 1-423
2026-09-09 22:13:24,038 INFO o.a.j.t.JMeterThread: Thread started: Cenario 1 - Listar Comandas (GET, leitura pesada) 1-424
2026-09-09 22:13:24,049 INFO o.a.j.t.JMeterThread: Thread started: Cenario 1 - Listar Comandas (GET, leitura pesada) 1-425
2026-09-09 22:13:24,058 INFO o.a.j.t.JMeterThread: Thread started: Cenario 1 - Listar Comandas (GET, leitura pesada) 1-426
2026-09-09 22:13:24,069 INFO o.a.j.t.JMeterThread: Thread started: Cenario 1 - Listar Comandas (GET, leitura pesada) 1-427
2026-09-09 22:13:24,080 INFO o.a.j.t.JMeterThread: Thread started: Cenario 1 - Listar Comandas (GET, leitura pesada) 1-428
2026-09-09 22:13:24,089 INFO o.a.j.t.JMeterThread: Thread started: Cenario 1 - Listar Comandas (GET, leitura pesada) 1-429
2026-09-09 22:13:24,098 INFO o.a.j.t.JMeterThread: Thread started: Cenario 1 - Listar Comandas (GET, leitura pesada) 1-430
2026-09-09 22:13:24,108 INFO o.a.j.t.JMeterThread: Thread started: Cenario 1 - Listar Comandas (GET, leitura pesada) 1-431
2026-09-09 22:13:24,120 INFO o.a.j.t.JMeterThread: Thread started: Cenario 1 - Listar Comandas (GET, leitura pesada) 1-432
2026-09-09 22:13:24,130 INFO o.a.j.t.JMeterThread: Thread started: Cenario 1 - Listar Comandas (GET, leitura pesada) 1-433
2026-09-09 22:13:24,138 INFO o.a.j.t.JMeterThread: Thread started: Cenario 1 - Listar Comandas (GET, leitura pesada) 1-434
2026-09-09 22:13:24,148 INFO o.a.j.t.JMeterThread: Thread started: Cenario 1 - Listar Comandas (GET, leitura pesada) 1-435
2026-09-09 22:13:24,158 INFO o.a.j.t.JMeterThread: Thread started: Cenario 1 - Listar Comandas (GET, leitura pesada) 1-436
2026-09-09 22:13:24,168 INFO o.a.j.t.JMeterThread: Thread started: Cenario 1 - Listar Comandas (GET, leitura pesada) 1-437
2026-09-09 22:13:24,179 INFO o.a.j.t.JMeterThread: Thread started: Cenario 1 - Listar Comandas (GET, leitura pesada) 1-438
2026-09-09 22:13:24,189 INFO o.a.j.t.JMeterThread: Thread started: Cenario 1 - Listar Comandas (GET, leitura pesada) 1-439
2026-09-09 22:13:24,198 INFO o.a.j.t.JMeterThread: Thread started: Cenario 1 - Listar Comandas (GET, leitura pesada) 1-440
2026-09-09 22:13:24,208 INFO o.a.j.t.JMeterThread: Thread started: Cenario 1 - Listar Comandas (GET, leitura pesada) 1-441
2026-09-09 22:13:24,218 INFO o.a.j.t.JMeterThread: Thread started: Cenario 1 - Listar Comandas (GET, leitura pesada) 1-442
2026-09-09 22:13:24,228 INFO o.a.j.t.JMeterThread: Thread started: Cenario 1 - Listar Comandas (GET, leitura pesada) 1-443
2026-09-09 22:13:24,240 INFO o.a.j.t.JMeterThread: Thread started: Cenario 1 - Listar Comandas (GET, leitura pesada) 1-444
2026-09-09 22:13:24,249 INFO o.a.j.t.JMeterThread: Thread started: Cenario 1 - Listar Comandas (GET, leitura pesada) 1-445
2026-09-09 22:13:24,260 INFO o.a.j.t.JMeterThread: Thread started: Cenario 1 - Listar Comandas (GET, leitura pesada) 1-446
2026-09-09 22:13:24,268 INFO o.a.j.t.JMeterThread: Thread started: Cenario 1 - Listar Comandas (GET, leitura pesada) 1-447
2026-09-09 22:13:24,280 INFO o.a.j.t.JMeterThread: Thread started: Cenario 1 - Listar Comandas (GET, leitura pesada) 1-448
2026-09-09 22:13:24,289 INFO o.a.j.t.JMeterThread: Thread started: Cenario 1 - Listar Comandas (GET, leitura pesada) 1-449
2026-09-09 22:13:24,299 INFO o.a.j.t.JMeterThread: Thread started: Cenario 1 - Listar Comandas (GET, leitura pesada) 1-450
2026-09-09 22:13:24,309 INFO o.a.j.t.JMeterThread: Thread started: Cenario 1 - Listar Comandas (GET, leitura pesada) 1-451
2026-09-09 22:13:24,318 INFO o.a.j.t.JMeterThread: Thread started: Cenario 1 - Listar Comandas (GET, leitura pesada) 1-452
2026-09-09 22:13:24,329 INFO o.a.j.t.JMeterThread: Thread started: Cenario 1 - Listar Comandas (GET, leitura pesada) 1-453
2026-09-09 22:13:24,339 INFO o.a.j.t.JMeterThread: Thread started: Cenario 1 - Listar Comandas (GET, leitura pesada) 1-454
2026-09-09 22:13:24,349 INFO o.a.j.t.JMeterThread: Thread started: Cenario 1 - Listar Comandas (GET, leitura pesada) 1-455
2026-09-09 22:13:24,359 INFO o.a.j.t.JMeterThread: Thread started: Cenario 1 - Listar Comandas (GET, leitura pesada) 1-456
2026-09-09 22:13:24,369 INFO o.a.j.t.JMeterThread: Thread started: Cenario 1 - Listar Comandas (GET, leitura pesada) 1-457
2026-09-09 22:13:24,379 INFO o.a.j.t.JMeterThread: Thread started: Cenario 1 - Listar Comandas (GET, leitura pesada) 1-458
2026-09-09 22:13:24,388 INFO o.a.j.t.JMeterThread: Thread started: Cenario 1 - Listar Comandas (GET, leitura pesada) 1-459
2026-09-09 22:13:24,399 INFO o.a.j.t.JMeterThread: Thread started: Cenario 1 - Listar Comandas (GET, leitura pesada) 1-460
2026-09-09 22:13:24,410 INFO o.a.j.t.JMeterThread: Thread started: Cenario 1 - Listar Comandas (GET, leitura pesada) 1-461
2026-09-09 22:13:24,419 INFO o.a.j.t.JMeterThread: Thread started: Cenario 1 - Listar Comandas (GET, leitura pesada) 1-462
2026-09-09 22:13:24,429 INFO o.a.j.t.JMeterThread: Thread started: Cenario 1 - Listar Comandas (GET, leitura pesada) 1-463
2026-09-09 22:13:24,439 INFO o.a.j.t.JMeterThread: Thread started: Cenario 1 - Listar Comandas (GET, leitura pesada) 1-464
2026-09-09 22:13:24,448 INFO o.a.j.t.JMeterThread: Thread started: Cenario 1 - Listar Comandas (GET, leitura pesada) 1-465
2026-09-09 22:13:24,458 INFO o.a.j.t.JMeterThread: Thread started: Cenario 1 - Listar Comandas (GET, leitura pesada) 1-466
2026-09-09 22:13:24,469 INFO o.a.j.t.JMeterThread: Thread started: Cenario 1 - Listar Comandas (GET, leitura pesada) 1-467
2026-09-09 22:13:24,478 INFO o.a.j.t.JMeterThread: Thread started: Cenario 1 - Listar Comandas (GET, leitura pesada) 1-468
2026-09-09 22:13:24,488 INFO o.a.j.t.JMeterThread: Thread started: Cenario 1 - Listar Comandas (GET, leitura pesada) 1-469
2026-09-09 22:13:24,498 INFO o.a.j.t.JMeterThread: Thread started: Cenario 1 - Listar Comandas (GET, leitura pesada) 1-470
2026-09-09 22:13:24,508 INFO o.a.j.t.JMeterThread: Thread started: Cenario 1 - Listar Comandas (GET, leitura pesada) 1-471
2026-09-09 22:13:24,518 INFO o.a.j.t.JMeterThread: Thread started: Cenario 1 - Listar Comandas (GET, leitura pesada) 1-472
2026-09-09 22:13:24,528 INFO o.a.j.t.JMeterThread: Thread started: Cenario 1 - Listar Comandas (GET, leitura pesada) 1-473
2026-09-09 22:13:24,539 INFO o.a.j.t.JMeterThread: Thread started: Cenario 1 - Listar Comandas (GET, leitura pesada) 1-474
2026-09-09 22:13:24,550 INFO o.a.j.t.JMeterThread: Thread started: Cenario 1 - Listar Comandas (GET, leitura pesada) 1-475
2026-09-09 22:13:24,558 INFO o.a.j.t.JMeterThread: Thread started: Cenario 1 - Listar Comandas (GET, leitura pesada) 1-476
2026-09-09 22:13:24,568 INFO o.a.j.t.JMeterThread: Thread started: Cenario 1 - Listar Comandas (GET, leitura pesada) 1-477
2026-09-09 22:13:24,578 INFO o.a.j.t.JMeterThread: Thread started: Cenario 1 - Listar Comandas (GET, leitura pesada) 1-478
2026-09-09 22:13:24,588 INFO o.a.j.t.JMeterThread: Thread started: Cenario 1 - Listar Comandas (GET, leitura pesada) 1-479
2026-09-09 22:13:24,599 INFO o.a.j.t.JMeterThread: Thread started: Cenario 1 - Listar Comandas (GET, leitura pesada) 1-480
2026-09-09 22:13:24,608 INFO o.a.j.t.JMeterThread: Thread started: Cenario 1 - Listar Comandas (GET, leitura pesada) 1-481
2026-09-09 22:13:24,620 INFO o.a.j.t.JMeterThread: Thread started: Cenario 1 - Listar Comandas (GET, leitura pesada) 1-482
2026-09-09 22:13:24,630 INFO o.a.j.t.JMeterThread: Thread started: Cenario 1 - Listar Comandas (GET, leitura pesada) 1-483
2026-09-09 22:13:24,639 INFO o.a.j.t.JMeterThread: Thread started: Cenario 1 - Listar Comandas (GET, leitura pesada) 1-484
2026-09-09 22:13:24,649 INFO o.a.j.t.JMeterThread: Thread started: Cenario 1 - Listar Comandas (GET, leitura pesada) 1-485
2026-09-09 22:13:24,659 INFO o.a.j.t.JMeterThread: Thread started: Cenario 1 - Listar Comandas (GET, leitura pesada) 1-486
2026-09-09 22:13:24,669 INFO o.a.j.t.JMeterThread: Thread started: Cenario 1 - Listar Comandas (GET, leitura pesada) 1-487
2026-09-09 22:13:24,678 INFO o.a.j.t.JMeterThread: Thread started: Cenario 1 - Listar Comandas (GET, leitura pesada) 1-488
2026-09-09 22:13:24,689 INFO o.a.j.t.JMeterThread: Thread started: Cenario 1 - Listar Comandas (GET, leitura pesada) 1-489
2026-09-09 22:13:24,699 INFO o.a.j.t.JMeterThread: Thread started: Cenario 1 - Listar Comandas (GET, leitura pesada) 1-490
2026-09-09 22:13:24,709 INFO o.a.j.t.JMeterThread: Thread started: Cenario 1 - Listar Comandas (GET, leitura pesada) 1-491
2026-09-09 22:13:24,718 INFO o.a.j.t.JMeterThread: Thread started: Cenario 1 - Listar Comandas (GET, leitura pesada) 1-492
2026-09-09 22:13:24,730 INFO o.a.j.t.JMeterThread: Thread started: Cenario 1 - Listar Comandas (GET, leitura pesada) 1-493
2026-09-09 22:13:24,740 INFO o.a.j.t.JMeterThread: Thread started: Cenario 1 - Listar Comandas (GET, leitura pesada) 1-494
2026-09-09 22:13:24,748 INFO o.a.j.t.JMeterThread: Thread started: Cenario 1 - Listar Comandas (GET, leitura pesada) 1-495
2026-09-09 22:13:24,758 INFO o.a.j.t.JMeterThread: Thread started: Cenario 1 - Listar Comandas (GET, leitura pesada) 1-496
2026-09-09 22:13:24,769 INFO o.a.j.t.JMeterThread: Thread started: Cenario 1 - Listar Comandas (GET, leitura pesada) 1-497
2026-09-09 22:13:24,779 INFO o.a.j.t.JMeterThread: Thread started: Cenario 1 - Listar Comandas (GET, leitura pesada) 1-498
2026-09-09 22:13:24,789 INFO o.a.j.t.JMeterThread: Thread started: Cenario 1 - Listar Comandas (GET, leitura pesada) 1-499
2026-09-09 22:13:24,799 INFO o.a.j.t.JMeterThread: Thread started: Cenario 1 - Listar Comandas (GET, leitura pesada) 1-500
2026-09-09 22:13:30,010 INFO o.a.j.r.Summariser: summary +    510 in 00:00:10 =   49.9/s Avg:  3447 Min:   174 Max:  7982 Err:     0 (0.00%) Active: 500 Started: 500 Finished: 0
2026-09-09 22:14:00,012 INFO o.a.j.r.Summariser: summary +   1711 in 00:00:30 =   57.0/s Avg:  8701 Min:  3495 Max: 10015 Err:    36 (2.10%) Active: 500 Started: 500 Finished: 0
2026-09-09 22:14:00,013 INFO o.a.j.r.Summariser: summary =   2221 in 00:00:40 =   55.2/s Avg:  7495 Min:   174 Max: 10015 Err:    36 (1.62%)
2026-09-09 22:14:19,828 INFO o.a.j.t.JMeterThread: Stopping because end time detected by thread: Cenario 1 - Listar Comandas (GET, leitura pesada) 1-28
2026-09-09 22:14:19,829 INFO o.a.j.t.JMeterThread: Thread finished: Cenario 1 - Listar Comandas (GET, leitura pesada) 1-28
2026-09-09 22:14:19,868 INFO o.a.j.t.JMeterThread: Stopping because end time detected by thread: Cenario 1 - Listar Comandas (GET, leitura pesada) 1-77
2026-09-09 22:14:19,868 INFO o.a.j.t.JMeterThread: Thread finished: Cenario 1 - Listar Comandas (GET, leitura pesada) 1-77
2026-09-09 22:14:19,908 INFO o.a.j.t.JMeterThread: Stopping because end time detected by thread: Cenario 1 - Listar Comandas (GET, leitura pesada) 1-74
2026-09-09 22:14:19,908 INFO o.a.j.t.JMeterThread: Thread finished: Cenario 1 - Listar Comandas (GET, leitura pesada) 1-74
2026-09-09 22:14:19,917 INFO o.a.j.t.JMeterThread: Stopping because end time detected by thread: Cenario 1 - Listar Comandas (GET, leitura pesada) 1-217
2026-09-09 22:14:19,917 INFO o.a.j.t.JMeterThread: Thread finished: Cenario 1 - Listar Comandas (GET, leitura pesada) 1-217
2026-09-09 22:14:19,922 INFO o.a.j.t.JMeterThread: Stopping because end time detected by thread: Cenario 1 - Listar Comandas (GET, leitura pesada) 1-220
2026-09-09 22:14:19,923 INFO o.a.j.t.JMeterThread: Thread finished: Cenario 1 - Listar Comandas (GET, leitura pesada) 1-220
2026-09-09 22:14:19,937 INFO o.a.j.t.JMeterThread: Stopping because end time detected by thread: Cenario 1 - Listar Comandas (GET, leitura pesada) 1-221
2026-09-09 22:14:19,937 INFO o.a.j.t.JMeterThread: Thread finished: Cenario 1 - Listar Comandas (GET, leitura pesada) 1-221
2026-09-09 22:14:19,939 INFO o.a.j.t.JMeterThread: Stopping because end time detected by thread: Cenario 1 - Listar Comandas (GET, leitura pesada) 1-78
2026-09-09 22:14:19,939 INFO o.a.j.t.JMeterThread: Thread finished: Cenario 1 - Listar Comandas (GET, leitura pesada) 1-78
2026-09-09 22:14:19,966 INFO o.a.j.t.JMeterThread: Stopping because end time detected by thread: Cenario 1 - Listar Comandas (GET, leitura pesada) 1-75
2026-09-09 22:14:19,966 INFO o.a.j.t.JMeterThread: Thread finished: Cenario 1 - Listar Comandas (GET, leitura pesada) 1-75
2026-09-09 22:14:19,981 INFO o.a.j.t.JMeterThread: Stopping because end time detected by thread: Cenario 1 - Listar Comandas (GET, leitura pesada) 1-222
2026-09-09 22:14:19,981 INFO o.a.j.t.JMeterThread: Thread finished: Cenario 1 - Listar Comandas (GET, leitura pesada) 1-222
2026-09-09 22:14:20,002 INFO o.a.j.t.JMeterThread: Stopping because end time detected by thread: Cenario 1 - Listar Comandas (GET, leitura pesada) 1-224
2026-09-09 22:14:20,002 INFO o.a.j.t.JMeterThread: Thread finished: Cenario 1 - Listar Comandas (GET, leitura pesada) 1-224
2026-09-09 22:14:20,009 INFO o.a.j.t.JMeterThread: Stopping because end time detected by thread: Cenario 1 - Listar Comandas (GET, leitura pesada) 1-79
2026-09-09 22:14:20,009 INFO o.a.j.t.JMeterThread: Thread finished: Cenario 1 - Listar Comandas (GET, leitura pesada) 1-79
2026-09-09 22:14:20,074 INFO o.a.j.t.JMeterThread: Stopping because end time detected by thread: Cenario 1 - Listar Comandas (GET, leitura pesada) 1-348
2026-09-09 22:14:20,074 INFO o.a.j.t.JMeterThread: Thread finished: Cenario 1 - Listar Comandas (GET, leitura pesada) 1-348
2026-09-09 22:14:20,125 INFO o.a.j.t.JMeterThread: Stopping because end time detected by thread: Cenario 1 - Listar Comandas (GET, leitura pesada) 1-229
2026-09-09 22:14:20,126 INFO o.a.j.t.JMeterThread: Thread finished: Cenario 1 - Listar Comandas (GET, leitura pesada) 1-229
2026-09-09 22:14:20,141 INFO o.a.j.t.JMeterThread: Stopping because end time detected by thread: Cenario 1 - Listar Comandas (GET, leitura pesada) 1-226
2026-09-09 22:14:20,142 INFO o.a.j.t.JMeterThread: Thread finished: Cenario 1 - Listar Comandas (GET, leitura pesada) 1-226
2026-09-09 22:14:20,161 INFO o.a.j.t.JMeterThread: Stopping because end time detected by thread: Cenario 1 - Listar Comandas (GET, leitura pesada) 1-225
2026-09-09 22:14:20,161 INFO o.a.j.t.JMeterThread: Thread finished: Cenario 1 - Listar Comandas (GET, leitura pesada) 1-225
2026-09-09 22:14:20,161 INFO o.a.j.t.JMeterThread: Stopping because end time detected by thread: Cenario 1 - Listar Comandas (GET, leitura pesada) 1-228
2026-09-09 22:14:20,162 INFO o.a.j.t.JMeterThread: Thread finished: Cenario 1 - Listar Comandas (GET, leitura pesada) 1-228
2026-09-09 22:14:20,186 INFO o.a.j.t.JMeterThread: Stopping because end time detected by thread: Cenario 1 - Listar Comandas (GET, leitura pesada) 1-418
2026-09-09 22:14:20,186 INFO o.a.j.t.JMeterThread: Thread finished: Cenario 1 - Listar Comandas (GET, leitura pesada) 1-418
2026-09-09 22:14:20,223 INFO o.a.j.t.JMeterThread: Stopping because end time detected by thread: Cenario 1 - Listar Comandas (GET, leitura pesada) 1-232
2026-09-09 22:14:20,223 INFO o.a.j.t.JMeterThread: Thread finished: Cenario 1 - Listar Comandas (GET, leitura pesada) 1-232
2026-09-09 22:14:20,234 INFO o.a.j.t.JMeterThread: Stopping because end time detected by thread: Cenario 1 - Listar Comandas (GET, leitura pesada) 1-231
2026-09-09 22:14:20,234 INFO o.a.j.t.JMeterThread: Thread finished: Cenario 1 - Listar Comandas (GET, leitura pesada) 1-231
2026-09-09 22:14:20,250 INFO o.a.j.t.JMeterThread: Stopping because end time detected by thread: Cenario 1 - Listar Comandas (GET, leitura pesada) 1-230
2026-09-09 22:14:20,250 INFO o.a.j.t.JMeterThread: Thread finished: Cenario 1 - Listar Comandas (GET, leitura pesada) 1-230
2026-09-09 22:14:20,269 INFO o.a.j.t.JMeterThread: Stopping because end time detected by thread: Cenario 1 - Listar Comandas (GET, leitura pesada) 1-313
2026-09-09 22:14:20,269 INFO o.a.j.t.JMeterThread: Thread finished: Cenario 1 - Listar Comandas (GET, leitura pesada) 1-313
2026-09-09 22:14:20,284 INFO o.a.j.t.JMeterThread: Stopping because end time detected by thread: Cenario 1 - Listar Comandas (GET, leitura pesada) 1-235
2026-09-09 22:14:20,284 INFO o.a.j.t.JMeterThread: Thread finished: Cenario 1 - Listar Comandas (GET, leitura pesada) 1-235
2026-09-09 22:14:20,322 INFO o.a.j.t.JMeterThread: Stopping because end time detected by thread: Cenario 1 - Listar Comandas (GET, leitura pesada) 1-81
2026-09-09 22:14:20,322 INFO o.a.j.t.JMeterThread: Thread finished: Cenario 1 - Listar Comandas (GET, leitura pesada) 1-81
2026-09-09 22:14:20,333 INFO o.a.j.t.JMeterThread: Stopping because end time detected by thread: Cenario 1 - Listar Comandas (GET, leitura pesada) 1-83
2026-09-09 22:14:20,333 INFO o.a.j.t.JMeterThread: Thread finished: Cenario 1 - Listar Comandas (GET, leitura pesada) 1-83
2026-09-09 22:14:20,356 INFO o.a.j.t.JMeterThread: Stopping because end time detected by thread: Cenario 1 - Listar Comandas (GET, leitura pesada) 1-361
2026-09-09 22:14:20,356 INFO o.a.j.t.JMeterThread: Thread finished: Cenario 1 - Listar Comandas (GET, leitura pesada) 1-361
2026-09-09 22:14:20,365 INFO o.a.j.t.JMeterThread: Stopping because end time detected by thread: Cenario 1 - Listar Comandas (GET, leitura pesada) 1-237
2026-09-09 22:14:20,365 INFO o.a.j.t.JMeterThread: Thread finished: Cenario 1 - Listar Comandas (GET, leitura pesada) 1-237
2026-09-09 22:14:20,384 INFO o.a.j.t.JMeterThread: Stopping because end time detected by thread: Cenario 1 - Listar Comandas (GET, leitura pesada) 1-239
2026-09-09 22:14:20,385 INFO o.a.j.t.JMeterThread: Thread finished: Cenario 1 - Listar Comandas (GET, leitura pesada) 1-239
2026-09-09 22:14:20,395 INFO o.a.j.t.JMeterThread: Stopping because end time detected by thread: Cenario 1 - Listar Comandas (GET, leitura pesada) 1-87
2026-09-09 22:14:20,396 INFO o.a.j.t.JMeterThread: Thread finished: Cenario 1 - Listar Comandas (GET, leitura pesada) 1-87
2026-09-09 22:14:20,409 INFO o.a.j.t.JMeterThread: Stopping because end time detected by thread: Cenario 1 - Listar Comandas (GET, leitura pesada) 1-241
2026-09-09 22:14:20,409 INFO o.a.j.t.JMeterThread: Thread finished: Cenario 1 - Listar Comandas (GET, leitura pesada) 1-241
2026-09-09 22:14:20,433 INFO o.a.j.t.JMeterThread: Stopping because end time detected by thread: Cenario 1 - Listar Comandas (GET, leitura pesada) 1-88
2026-09-09 22:14:20,433 INFO o.a.j.t.JMeterThread: Thread finished: Cenario 1 - Listar Comandas (GET, leitura pesada) 1-88
2026-09-09 22:14:20,438 INFO o.a.j.t.JMeterThread: Stopping because end time detected by thread: Cenario 1 - Listar Comandas (GET, leitura pesada) 1-240
2026-09-09 22:14:20,438 INFO o.a.j.t.JMeterThread: Thread finished: Cenario 1 - Listar Comandas (GET, leitura pesada) 1-240
2026-09-09 22:14:20,461 INFO o.a.j.t.JMeterThread: Stopping because end time detected by thread: Cenario 1 - Listar Comandas (GET, leitura pesada) 1-31
2026-09-09 22:14:20,461 INFO o.a.j.t.JMeterThread: Thread finished: Cenario 1 - Listar Comandas (GET, leitura pesada) 1-31
2026-09-09 22:14:20,510 INFO o.a.j.t.JMeterThread: Stopping because end time detected by thread: Cenario 1 - Listar Comandas (GET, leitura pesada) 1-243
2026-09-09 22:14:20,510 INFO o.a.j.t.JMeterThread: Thread finished: Cenario 1 - Listar Comandas (GET, leitura pesada) 1-243
2026-09-09 22:14:20,520 INFO o.a.j.t.JMeterThread: Stopping because end time detected by thread: Cenario 1 - Listar Comandas (GET, leitura pesada) 1-244
2026-09-09 22:14:20,520 INFO o.a.j.t.JMeterThread: Thread finished: Cenario 1 - Listar Comandas (GET, leitura pesada) 1-244
2026-09-09 22:14:20,545 INFO o.a.j.t.JMeterThread: Stopping because end time detected by thread: Cenario 1 - Listar Comandas (GET, leitura pesada) 1-89
2026-09-09 22:14:20,546 INFO o.a.j.t.JMeterThread: Thread finished: Cenario 1 - Listar Comandas (GET, leitura pesada) 1-89
2026-09-09 22:14:20,569 INFO o.a.j.t.JMeterThread: Stopping because end time detected by thread: Cenario 1 - Listar Comandas (GET, leitura pesada) 1-245
2026-09-09 22:14:20,569 INFO o.a.j.t.JMeterThread: Thread finished: Cenario 1 - Listar Comandas (GET, leitura pesada) 1-245
2026-09-09 22:14:20,582 INFO o.a.j.t.JMeterThread: Stopping because end time detected by thread: Cenario 1 - Listar Comandas (GET, leitura pesada) 1-247
2026-09-09 22:14:20,582 INFO o.a.j.t.JMeterThread: Thread finished: Cenario 1 - Listar Comandas (GET, leitura pesada) 1-247
2026-09-09 22:14:20,595 INFO o.a.j.t.JMeterThread: Stopping because end time detected by thread: Cenario 1 - Listar Comandas (GET, leitura pesada) 1-250
2026-09-09 22:14:20,595 INFO o.a.j.t.JMeterThread: Thread finished: Cenario 1 - Listar Comandas (GET, leitura pesada) 1-250
2026-09-09 22:14:20,603 INFO o.a.j.t.JMeterThread: Stopping because end time detected by thread: Cenario 1 - Listar Comandas (GET, leitura pesada) 1-246
2026-09-09 22:14:20,603 INFO o.a.j.t.JMeterThread: Thread finished: Cenario 1 - Listar Comandas (GET, leitura pesada) 1-246
2026-09-09 22:14:20,619 INFO o.a.j.t.JMeterThread: Stopping because end time detected by thread: Cenario 1 - Listar Comandas (GET, leitura pesada) 1-248
2026-09-09 22:14:20,619 INFO o.a.j.t.JMeterThread: Thread finished: Cenario 1 - Listar Comandas (GET, leitura pesada) 1-248
2026-09-09 22:14:20,620 INFO o.a.j.t.JMeterThread: Stopping because end time detected by thread: Cenario 1 - Listar Comandas (GET, leitura pesada) 1-252
2026-09-09 22:14:20,621 INFO o.a.j.t.JMeterThread: Thread finished: Cenario 1 - Listar Comandas (GET, leitura pesada) 1-252
2026-09-09 22:14:20,664 INFO o.a.j.t.JMeterThread: Stopping because end time detected by thread: Cenario 1 - Listar Comandas (GET, leitura pesada) 1-251
2026-09-09 22:14:20,665 INFO o.a.j.t.JMeterThread: Thread finished: Cenario 1 - Listar Comandas (GET, leitura pesada) 1-251
2026-09-09 22:14:20,678 INFO o.a.j.t.JMeterThread: Stopping because end time detected by thread: Cenario 1 - Listar Comandas (GET, leitura pesada) 1-256
2026-09-09 22:14:20,678 INFO o.a.j.t.JMeterThread: Thread finished: Cenario 1 - Listar Comandas (GET, leitura pesada) 1-256
2026-09-09 22:14:20,691 INFO o.a.j.t.JMeterThread: Stopping because end time detected by thread: Cenario 1 - Listar Comandas (GET, leitura pesada) 1-48
2026-09-09 22:14:20,691 INFO o.a.j.t.JMeterThread: Thread finished: Cenario 1 - Listar Comandas (GET, leitura pesada) 1-48
2026-09-09 22:14:20,714 INFO o.a.j.t.JMeterThread: Stopping because end time detected by thread: Cenario 1 - Listar Comandas (GET, leitura pesada) 1-254
2026-09-09 22:14:20,714 INFO o.a.j.t.JMeterThread: Thread finished: Cenario 1 - Listar Comandas (GET, leitura pesada) 1-254
2026-09-09 22:14:20,731 INFO o.a.j.t.JMeterThread: Stopping because end time detected by thread: Cenario 1 - Listar Comandas (GET, leitura pesada) 1-35
2026-09-09 22:14:20,731 INFO o.a.j.t.JMeterThread: Thread finished: Cenario 1 - Listar Comandas (GET, leitura pesada) 1-35
2026-09-09 22:14:20,741 INFO o.a.j.t.JMeterThread: Stopping because end time detected by thread: Cenario 1 - Listar Comandas (GET, leitura pesada) 1-218
2026-09-09 22:14:20,742 INFO o.a.j.t.JMeterThread: Thread finished: Cenario 1 - Listar Comandas (GET, leitura pesada) 1-218
2026-09-09 22:14:20,754 INFO o.a.j.t.JMeterThread: Stopping because end time detected by thread: Cenario 1 - Listar Comandas (GET, leitura pesada) 1-32
2026-09-09 22:14:20,754 INFO o.a.j.t.JMeterThread: Thread finished: Cenario 1 - Listar Comandas (GET, leitura pesada) 1-32
2026-09-09 22:14:20,767 INFO o.a.j.t.JMeterThread: Stopping because end time detected by thread: Cenario 1 - Listar Comandas (GET, leitura pesada) 1-34
2026-09-09 22:14:20,767 INFO o.a.j.t.JMeterThread: Thread finished: Cenario 1 - Listar Comandas (GET, leitura pesada) 1-34
2026-09-09 22:14:20,782 INFO o.a.j.t.JMeterThread: Stopping because end time detected by thread: Cenario 1 - Listar Comandas (GET, leitura pesada) 1-257
2026-09-09 22:14:20,782 INFO o.a.j.t.JMeterThread: Thread finished: Cenario 1 - Listar Comandas (GET, leitura pesada) 1-257
2026-09-09 22:14:20,786 INFO o.a.j.t.JMeterThread: Stopping because end time detected by thread: Cenario 1 - Listar Comandas (GET, leitura pesada) 1-382
2026-09-09 22:14:20,786 INFO o.a.j.t.JMeterThread: Thread finished: Cenario 1 - Listar Comandas (GET, leitura pesada) 1-382
2026-09-09 22:14:20,814 INFO o.a.j.t.JMeterThread: Stopping because end time detected by thread: Cenario 1 - Listar Comandas (GET, leitura pesada) 1-73
2026-09-09 22:14:20,814 INFO o.a.j.t.JMeterThread: Thread finished: Cenario 1 - Listar Comandas (GET, leitura pesada) 1-73
2026-09-09 22:14:20,830 INFO o.a.j.t.JMeterThread: Stopping because end time detected by thread: Cenario 1 - Listar Comandas (GET, leitura pesada) 1-14
2026-09-09 22:14:20,831 INFO o.a.j.t.JMeterThread: Thread finished: Cenario 1 - Listar Comandas (GET, leitura pesada) 1-14
2026-09-09 22:14:20,855 INFO o.a.j.t.JMeterThread: Stopping because end time detected by thread: Cenario 1 - Listar Comandas (GET, leitura pesada) 1-10
2026-09-09 22:14:20,855 INFO o.a.j.t.JMeterThread: Thread finished: Cenario 1 - Listar Comandas (GET, leitura pesada) 1-10
2026-09-09 22:14:20,858 INFO o.a.j.t.JMeterThread: Stopping because end time detected by thread: Cenario 1 - Listar Comandas (GET, leitura pesada) 1-260
2026-09-09 22:14:20,858 INFO o.a.j.t.JMeterThread: Thread finished: Cenario 1 - Listar Comandas (GET, leitura pesada) 1-260
2026-09-09 22:14:20,877 INFO o.a.j.t.JMeterThread: Stopping because end time detected by thread: Cenario 1 - Listar Comandas (GET, leitura pesada) 1-91
2026-09-09 22:14:20,877 INFO o.a.j.t.JMeterThread: Thread finished: Cenario 1 - Listar Comandas (GET, leitura pesada) 1-91
2026-09-09 22:14:20,906 INFO o.a.j.t.JMeterThread: Stopping because end time detected by thread: Cenario 1 - Listar Comandas (GET, leitura pesada) 1-205
2026-09-09 22:14:20,906 INFO o.a.j.t.JMeterThread: Thread finished: Cenario 1 - Listar Comandas (GET, leitura pesada) 1-205
2026-09-09 22:14:20,916 INFO o.a.j.t.JMeterThread: Stopping because end time detected by thread: Cenario 1 - Listar Comandas (GET, leitura pesada) 1-259
2026-09-09 22:14:20,917 INFO o.a.j.t.JMeterThread: Thread finished: Cenario 1 - Listar Comandas (GET, leitura pesada) 1-259
2026-09-09 22:14:20,917 INFO o.a.j.t.JMeterThread: Stopping because end time detected by thread: Cenario 1 - Listar Comandas (GET, leitura pesada) 1-261
2026-09-09 22:14:20,918 INFO o.a.j.t.JMeterThread: Thread finished: Cenario 1 - Listar Comandas (GET, leitura pesada) 1-261
2026-09-09 22:14:20,942 INFO o.a.j.t.JMeterThread: Stopping because end time detected by thread: Cenario 1 - Listar Comandas (GET, leitura pesada) 1-90
2026-09-09 22:14:20,943 INFO o.a.j.t.JMeterThread: Thread finished: Cenario 1 - Listar Comandas (GET, leitura pesada) 1-90
2026-09-09 22:14:20,946 INFO o.a.j.t.JMeterThread: Stopping because end time detected by thread: Cenario 1 - Listar Comandas (GET, leitura pesada) 1-15
2026-09-09 22:14:20,946 INFO o.a.j.t.JMeterThread: Thread finished: Cenario 1 - Listar Comandas (GET, leitura pesada) 1-15
2026-09-09 22:14:20,955 INFO o.a.j.t.JMeterThread: Stopping because end time detected by thread: Cenario 1 - Listar Comandas (GET, leitura pesada) 1-262
2026-09-09 22:14:20,955 INFO o.a.j.t.JMeterThread: Thread finished: Cenario 1 - Listar Comandas (GET, leitura pesada) 1-262
2026-09-09 22:14:20,960 INFO o.a.j.t.JMeterThread: Stopping because end time detected by thread: Cenario 1 - Listar Comandas (GET, leitura pesada) 1-265
2026-09-09 22:14:20,960 INFO o.a.j.t.JMeterThread: Thread finished: Cenario 1 - Listar Comandas (GET, leitura pesada) 1-265
2026-09-09 22:14:21,014 INFO o.a.j.t.JMeterThread: Stopping because end time detected by thread: Cenario 1 - Listar Comandas (GET, leitura pesada) 1-215
2026-09-09 22:14:21,014 INFO o.a.j.t.JMeterThread: Thread finished: Cenario 1 - Listar Comandas (GET, leitura pesada) 1-215
2026-09-09 22:14:21,033 INFO o.a.j.t.JMeterThread: Stopping because end time detected by thread: Cenario 1 - Listar Comandas (GET, leitura pesada) 1-263
2026-09-09 22:14:21,033 INFO o.a.j.t.JMeterThread: Thread finished: Cenario 1 - Listar Comandas (GET, leitura pesada) 1-263
2026-09-09 22:14:21,042 INFO o.a.j.t.JMeterThread: Stopping because end time detected by thread: Cenario 1 - Listar Comandas (GET, leitura pesada) 1-267
2026-09-09 22:14:21,042 INFO o.a.j.t.JMeterThread: Thread finished: Cenario 1 - Listar Comandas (GET, leitura pesada) 1-267
2026-09-09 22:14:21,048 INFO o.a.j.t.JMeterThread: Stopping because end time detected by thread: Cenario 1 - Listar Comandas (GET, leitura pesada) 1-266
2026-09-09 22:14:21,048 INFO o.a.j.t.JMeterThread: Thread finished: Cenario 1 - Listar Comandas (GET, leitura pesada) 1-266
2026-09-09 22:14:21,090 INFO o.a.j.t.JMeterThread: Stopping because end time detected by thread: Cenario 1 - Listar Comandas (GET, leitura pesada) 1-387
2026-09-09 22:14:21,090 INFO o.a.j.t.JMeterThread: Thread finished: Cenario 1 - Listar Comandas (GET, leitura pesada) 1-387
2026-09-09 22:14:21,090 INFO o.a.j.t.JMeterThread: Stopping because end time detected by thread: Cenario 1 - Listar Comandas (GET, leitura pesada) 1-264
2026-09-09 22:14:21,092 INFO o.a.j.t.JMeterThread: Thread finished: Cenario 1 - Listar Comandas (GET, leitura pesada) 1-264
2026-09-09 22:14:21,127 INFO o.a.j.t.JMeterThread: Stopping because end time detected by thread: Cenario 1 - Listar Comandas (GET, leitura pesada) 1-271
2026-09-09 22:14:21,127 INFO o.a.j.t.JMeterThread: Thread finished: Cenario 1 - Listar Comandas (GET, leitura pesada) 1-271
2026-09-09 22:14:21,131 INFO o.a.j.t.JMeterThread: Stopping because end time detected by thread: Cenario 1 - Listar Comandas (GET, leitura pesada) 1-272
2026-09-09 22:14:21,131 INFO o.a.j.t.JMeterThread: Thread finished: Cenario 1 - Listar Comandas (GET, leitura pesada) 1-272
2026-09-09 22:14:21,144 INFO o.a.j.t.JMeterThread: Stopping because end time detected by thread: Cenario 1 - Listar Comandas (GET, leitura pesada) 1-269
2026-09-09 22:14:21,144 INFO o.a.j.t.JMeterThread: Thread finished: Cenario 1 - Listar Comandas (GET, leitura pesada) 1-269
2026-09-09 22:14:21,145 INFO o.a.j.t.JMeterThread: Stopping because end time detected by thread: Cenario 1 - Listar Comandas (GET, leitura pesada) 1-273
2026-09-09 22:14:21,145 INFO o.a.j.t.JMeterThread: Thread finished: Cenario 1 - Listar Comandas (GET, leitura pesada) 1-273
2026-09-09 22:14:21,190 INFO o.a.j.t.JMeterThread: Stopping because end time detected by thread: Cenario 1 - Listar Comandas (GET, leitura pesada) 1-94
2026-09-09 22:14:21,190 INFO o.a.j.t.JMeterThread: Thread finished: Cenario 1 - Listar Comandas (GET, leitura pesada) 1-94
2026-09-09 22:14:21,208 INFO o.a.j.t.JMeterThread: Stopping because end time detected by thread: Cenario 1 - Listar Comandas (GET, leitura pesada) 1-270
2026-09-09 22:14:21,208 INFO o.a.j.t.JMeterThread: Thread finished: Cenario 1 - Listar Comandas (GET, leitura pesada) 1-270
2026-09-09 22:14:21,209 INFO o.a.j.t.JMeterThread: Stopping because end time detected by thread: Cenario 1 - Listar Comandas (GET, leitura pesada) 1-11
2026-09-09 22:14:21,209 INFO o.a.j.t.JMeterThread: Thread finished: Cenario 1 - Listar Comandas (GET, leitura pesada) 1-11
2026-09-09 22:14:21,227 INFO o.a.j.t.JMeterThread: Stopping because end time detected by thread: Cenario 1 - Listar Comandas (GET, leitura pesada) 1-274
2026-09-09 22:14:21,227 INFO o.a.j.t.JMeterThread: Thread finished: Cenario 1 - Listar Comandas (GET, leitura pesada) 1-274
2026-09-09 22:14:21,267 INFO o.a.j.t.JMeterThread: Stopping because end time detected by thread: Cenario 1 - Listar Comandas (GET, leitura pesada) 1-275
2026-09-09 22:14:21,267 INFO o.a.j.t.JMeterThread: Thread finished: Cenario 1 - Listar Comandas (GET, leitura pesada) 1-275
2026-09-09 22:14:21,268 INFO o.a.j.t.JMeterThread: Stopping because end time detected by thread: Cenario 1 - Listar Comandas (GET, leitura pesada) 1-8
2026-09-09 22:14:21,268 INFO o.a.j.t.JMeterThread: Thread finished: Cenario 1 - Listar Comandas (GET, leitura pesada) 1-8
2026-09-09 22:14:21,285 INFO o.a.j.t.JMeterThread: Stopping because end time detected by thread: Cenario 1 - Listar Comandas (GET, leitura pesada) 1-397
2026-09-09 22:14:21,285 INFO o.a.j.t.JMeterThread: Thread finished: Cenario 1 - Listar Comandas (GET, leitura pesada) 1-397
2026-09-09 22:14:21,304 INFO o.a.j.t.JMeterThread: Stopping because end time detected by thread: Cenario 1 - Listar Comandas (GET, leitura pesada) 1-276
2026-09-09 22:14:21,304 INFO o.a.j.t.JMeterThread: Thread finished: Cenario 1 - Listar Comandas (GET, leitura pesada) 1-276
2026-09-09 22:14:21,319 INFO o.a.j.t.JMeterThread: Stopping because end time detected by thread: Cenario 1 - Listar Comandas (GET, leitura pesada) 1-95
2026-09-09 22:14:21,319 INFO o.a.j.t.JMeterThread: Thread finished: Cenario 1 - Listar Comandas (GET, leitura pesada) 1-95
2026-09-09 22:14:21,328 INFO o.a.j.t.JMeterThread: Stopping because end time detected by thread: Cenario 1 - Listar Comandas (GET, leitura pesada) 1-96
2026-09-09 22:14:21,328 INFO o.a.j.t.JMeterThread: Thread finished: Cenario 1 - Listar Comandas (GET, leitura pesada) 1-96
2026-09-09 22:14:21,369 INFO o.a.j.t.JMeterThread: Stopping because end time detected by thread: Cenario 1 - Listar Comandas (GET, leitura pesada) 1-277
2026-09-09 22:14:21,369 INFO o.a.j.t.JMeterThread: Thread finished: Cenario 1 - Listar Comandas (GET, leitura pesada) 1-277
2026-09-09 22:14:21,394 INFO o.a.j.t.JMeterThread: Stopping because end time detected by thread: Cenario 1 - Listar Comandas (GET, leitura pesada) 1-97
2026-09-09 22:14:21,394 INFO o.a.j.t.JMeterThread: Thread finished: Cenario 1 - Listar Comandas (GET, leitura pesada) 1-97
2026-09-09 22:14:21,405 INFO o.a.j.t.JMeterThread: Stopping because end time detected by thread: Cenario 1 - Listar Comandas (GET, leitura pesada) 1-99
2026-09-09 22:14:21,405 INFO o.a.j.t.JMeterThread: Thread finished: Cenario 1 - Listar Comandas (GET, leitura pesada) 1-99
2026-09-09 22:14:21,413 INFO o.a.j.t.JMeterThread: Stopping because end time detected by thread: Cenario 1 - Listar Comandas (GET, leitura pesada) 1-279
2026-09-09 22:14:21,413 INFO o.a.j.t.JMeterThread: Thread finished: Cenario 1 - Listar Comandas (GET, leitura pesada) 1-279
2026-09-09 22:14:21,460 INFO o.a.j.t.JMeterThread: Stopping because end time detected by thread: Cenario 1 - Listar Comandas (GET, leitura pesada) 1-13
2026-09-09 22:14:21,460 INFO o.a.j.t.JMeterThread: Thread finished: Cenario 1 - Listar Comandas (GET, leitura pesada) 1-13
2026-09-09 22:14:21,463 INFO o.a.j.t.JMeterThread: Stopping because end time detected by thread: Cenario 1 - Listar Comandas (GET, leitura pesada) 1-85
2026-09-09 22:14:21,463 INFO o.a.j.t.JMeterThread: Thread finished: Cenario 1 - Listar Comandas (GET, leitura pesada) 1-85
2026-09-09 22:14:21,481 INFO o.a.j.t.JMeterThread: Stopping because end time detected by thread: Cenario 1 - Listar Comandas (GET, leitura pesada) 1-98
2026-09-09 22:14:21,481 INFO o.a.j.t.JMeterThread: Thread finished: Cenario 1 - Listar Comandas (GET, leitura pesada) 1-98
2026-09-09 22:14:21,486 INFO o.a.j.t.JMeterThread: Stopping because end time detected by thread: Cenario 1 - Listar Comandas (GET, leitura pesada) 1-284
2026-09-09 22:14:21,487 INFO o.a.j.t.JMeterThread: Thread finished: Cenario 1 - Listar Comandas (GET, leitura pesada) 1-284
2026-09-09 22:14:21,501 INFO o.a.j.t.JMeterThread: Stopping because end time detected by thread: Cenario 1 - Listar Comandas (GET, leitura pesada) 1-100
2026-09-09 22:14:21,501 INFO o.a.j.t.JMeterThread: Thread finished: Cenario 1 - Listar Comandas (GET, leitura pesada) 1-100
2026-09-09 22:14:21,510 INFO o.a.j.t.JMeterThread: Stopping because end time detected by thread: Cenario 1 - Listar Comandas (GET, leitura pesada) 1-282
2026-09-09 22:14:21,510 INFO o.a.j.t.JMeterThread: Thread finished: Cenario 1 - Listar Comandas (GET, leitura pesada) 1-282
2026-09-09 22:14:21,545 INFO o.a.j.t.JMeterThread: Stopping because end time detected by thread: Cenario 1 - Listar Comandas (GET, leitura pesada) 1-281
2026-09-09 22:14:21,545 INFO o.a.j.t.JMeterThread: Thread finished: Cenario 1 - Listar Comandas (GET, leitura pesada) 1-281
2026-09-09 22:14:21,558 INFO o.a.j.t.JMeterThread: Stopping because end time detected by thread: Cenario 1 - Listar Comandas (GET, leitura pesada) 1-285
2026-09-09 22:14:21,558 INFO o.a.j.t.JMeterThread: Thread finished: Cenario 1 - Listar Comandas (GET, leitura pesada) 1-285
2026-09-09 22:14:21,581 INFO o.a.j.t.JMeterThread: Stopping because end time detected by thread: Cenario 1 - Listar Comandas (GET, leitura pesada) 1-287
2026-09-09 22:14:21,581 INFO o.a.j.t.JMeterThread: Thread finished: Cenario 1 - Listar Comandas (GET, leitura pesada) 1-287
2026-09-09 22:14:21,605 INFO o.a.j.t.JMeterThread: Stopping because end time detected by thread: Cenario 1 - Listar Comandas (GET, leitura pesada) 1-283
2026-09-09 22:14:21,605 INFO o.a.j.t.JMeterThread: Thread finished: Cenario 1 - Listar Comandas (GET, leitura pesada) 1-283
2026-09-09 22:14:21,638 INFO o.a.j.t.JMeterThread: Stopping because end time detected by thread: Cenario 1 - Listar Comandas (GET, leitura pesada) 1-51
2026-09-09 22:14:21,638 INFO o.a.j.t.JMeterThread: Thread finished: Cenario 1 - Listar Comandas (GET, leitura pesada) 1-51
2026-09-09 22:14:21,640 INFO o.a.j.t.JMeterThread: Stopping because end time detected by thread: Cenario 1 - Listar Comandas (GET, leitura pesada) 1-286
2026-09-09 22:14:21,640 INFO o.a.j.t.JMeterThread: Thread finished: Cenario 1 - Listar Comandas (GET, leitura pesada) 1-286
2026-09-09 22:14:21,641 INFO o.a.j.t.JMeterThread: Stopping because end time detected by thread: Cenario 1 - Listar Comandas (GET, leitura pesada) 1-101
2026-09-09 22:14:21,641 INFO o.a.j.t.JMeterThread: Thread finished: Cenario 1 - Listar Comandas (GET, leitura pesada) 1-101
2026-09-09 22:14:21,651 INFO o.a.j.t.JMeterThread: Stopping because end time detected by thread: Cenario 1 - Listar Comandas (GET, leitura pesada) 1-288
2026-09-09 22:14:21,651 INFO o.a.j.t.JMeterThread: Thread finished: Cenario 1 - Listar Comandas (GET, leitura pesada) 1-288
2026-09-09 22:14:21,678 INFO o.a.j.t.JMeterThread: Stopping because end time detected by thread: Cenario 1 - Listar Comandas (GET, leitura pesada) 1-290
2026-09-09 22:14:21,678 INFO o.a.j.t.JMeterThread: Thread finished: Cenario 1 - Listar Comandas (GET, leitura pesada) 1-290
2026-09-09 22:14:21,686 INFO o.a.j.t.JMeterThread: Stopping because end time detected by thread: Cenario 1 - Listar Comandas (GET, leitura pesada) 1-104
2026-09-09 22:14:21,687 INFO o.a.j.t.JMeterThread: Thread finished: Cenario 1 - Listar Comandas (GET, leitura pesada) 1-104
2026-09-09 22:14:21,719 INFO o.a.j.t.JMeterThread: Stopping because end time detected by thread: Cenario 1 - Listar Comandas (GET, leitura pesada) 1-414
2026-09-09 22:14:21,719 INFO o.a.j.t.JMeterThread: Thread finished: Cenario 1 - Listar Comandas (GET, leitura pesada) 1-414
2026-09-09 22:14:21,720 INFO o.a.j.t.JMeterThread: Stopping because end time detected by thread: Cenario 1 - Listar Comandas (GET, leitura pesada) 1-102
2026-09-09 22:14:21,720 INFO o.a.j.t.JMeterThread: Thread finished: Cenario 1 - Listar Comandas (GET, leitura pesada) 1-102
2026-09-09 22:14:21,753 INFO o.a.j.t.JMeterThread: Stopping because end time detected by thread: Cenario 1 - Listar Comandas (GET, leitura pesada) 1-291
2026-09-09 22:14:21,753 INFO o.a.j.t.JMeterThread: Thread finished: Cenario 1 - Listar Comandas (GET, leitura pesada) 1-291
2026-09-09 22:14:21,771 INFO o.a.j.t.JMeterThread: Stopping because end time detected by thread: Cenario 1 - Listar Comandas (GET, leitura pesada) 1-292
2026-09-09 22:14:21,771 INFO o.a.j.t.JMeterThread: Thread finished: Cenario 1 - Listar Comandas (GET, leitura pesada) 1-292
2026-09-09 22:14:21,811 INFO o.a.j.t.JMeterThread: Stopping because end time detected by thread: Cenario 1 - Listar Comandas (GET, leitura pesada) 1-106
2026-09-09 22:14:21,811 INFO o.a.j.t.JMeterThread: Thread finished: Cenario 1 - Listar Comandas (GET, leitura pesada) 1-106
2026-09-09 22:14:21,814 INFO o.a.j.t.JMeterThread: Stopping because end time detected by thread: Cenario 1 - Listar Comandas (GET, leitura pesada) 1-293
2026-09-09 22:14:21,814 INFO o.a.j.t.JMeterThread: Thread finished: Cenario 1 - Listar Comandas (GET, leitura pesada) 1-293
2026-09-09 22:14:21,822 INFO o.a.j.t.JMeterThread: Stopping because end time detected by thread: Cenario 1 - Listar Comandas (GET, leitura pesada) 1-105
2026-09-09 22:14:21,822 INFO o.a.j.t.JMeterThread: Thread finished: Cenario 1 - Listar Comandas (GET, leitura pesada) 1-105
2026-09-09 22:14:21,831 INFO o.a.j.t.JMeterThread: Stopping because end time detected by thread: Cenario 1 - Listar Comandas (GET, leitura pesada) 1-107
2026-09-09 22:14:21,831 INFO o.a.j.t.JMeterThread: Thread finished: Cenario 1 - Listar Comandas (GET, leitura pesada) 1-107
2026-09-09 22:14:21,855 INFO o.a.j.t.JMeterThread: Stopping because end time detected by thread: Cenario 1 - Listar Comandas (GET, leitura pesada) 1-294
2026-09-09 22:14:21,856 INFO o.a.j.t.JMeterThread: Thread finished: Cenario 1 - Listar Comandas (GET, leitura pesada) 1-294
2026-09-09 22:14:21,880 INFO o.a.j.t.JMeterThread: Stopping because end time detected by thread: Cenario 1 - Listar Comandas (GET, leitura pesada) 1-295
2026-09-09 22:14:21,880 INFO o.a.j.t.JMeterThread: Thread finished: Cenario 1 - Listar Comandas (GET, leitura pesada) 1-295
2026-09-09 22:14:21,889 INFO o.a.j.t.JMeterThread: Stopping because end time detected by thread: Cenario 1 - Listar Comandas (GET, leitura pesada) 1-420
2026-09-09 22:14:21,889 INFO o.a.j.t.JMeterThread: Thread finished: Cenario 1 - Listar Comandas (GET, leitura pesada) 1-420
2026-09-09 22:14:21,901 INFO o.a.j.t.JMeterThread: Stopping because end time detected by thread: Cenario 1 - Listar Comandas (GET, leitura pesada) 1-296
2026-09-09 22:14:21,901 INFO o.a.j.t.JMeterThread: Thread finished: Cenario 1 - Listar Comandas (GET, leitura pesada) 1-296
2026-09-09 22:14:21,934 INFO o.a.j.t.JMeterThread: Stopping because end time detected by thread: Cenario 1 - Listar Comandas (GET, leitura pesada) 1-297
2026-09-09 22:14:21,935 INFO o.a.j.t.JMeterThread: Thread finished: Cenario 1 - Listar Comandas (GET, leitura pesada) 1-297
2026-09-09 22:14:21,969 INFO o.a.j.t.JMeterThread: Stopping because end time detected by thread: Cenario 1 - Listar Comandas (GET, leitura pesada) 1-7
2026-09-09 22:14:21,969 INFO o.a.j.t.JMeterThread: Thread finished: Cenario 1 - Listar Comandas (GET, leitura pesada) 1-7
2026-09-09 22:14:21,993 INFO o.a.j.t.JMeterThread: Stopping because end time detected by thread: Cenario 1 - Listar Comandas (GET, leitura pesada) 1-298
2026-09-09 22:14:21,994 INFO o.a.j.t.JMeterThread: Thread finished: Cenario 1 - Listar Comandas (GET, leitura pesada) 1-298
2026-09-09 22:14:21,994 INFO o.a.j.t.JMeterThread: Stopping because end time detected by thread: Cenario 1 - Listar Comandas (GET, leitura pesada) 1-423
2026-09-09 22:14:21,994 INFO o.a.j.t.JMeterThread: Thread finished: Cenario 1 - Listar Comandas (GET, leitura pesada) 1-423
2026-09-09 22:14:21,996 INFO o.a.j.t.JMeterThread: Stopping because end time detected by thread: Cenario 1 - Listar Comandas (GET, leitura pesada) 1-299
2026-09-09 22:14:21,996 INFO o.a.j.t.JMeterThread: Thread finished: Cenario 1 - Listar Comandas (GET, leitura pesada) 1-299
2026-09-09 22:14:22,003 INFO o.a.j.t.JMeterThread: Stopping because end time detected by thread: Cenario 1 - Listar Comandas (GET, leitura pesada) 1-108
2026-09-09 22:14:22,003 INFO o.a.j.t.JMeterThread: Thread finished: Cenario 1 - Listar Comandas (GET, leitura pesada) 1-108
2026-09-09 22:14:22,033 INFO o.a.j.t.JMeterThread: Stopping because end time detected by thread: Cenario 1 - Listar Comandas (GET, leitura pesada) 1-223
2026-09-09 22:14:22,033 INFO o.a.j.t.JMeterThread: Thread finished: Cenario 1 - Listar Comandas (GET, leitura pesada) 1-223
2026-09-09 22:14:22,054 INFO o.a.j.t.JMeterThread: Stopping because end time detected by thread: Cenario 1 - Listar Comandas (GET, leitura pesada) 1-303
2026-09-09 22:14:22,054 INFO o.a.j.t.JMeterThread: Thread finished: Cenario 1 - Listar Comandas (GET, leitura pesada) 1-303
2026-09-09 22:14:22,072 INFO o.a.j.t.JMeterThread: Stopping because end time detected by thread: Cenario 1 - Listar Comandas (GET, leitura pesada) 1-306
2026-09-09 22:14:22,073 INFO o.a.j.t.JMeterThread: Thread finished: Cenario 1 - Listar Comandas (GET, leitura pesada) 1-306
2026-09-09 22:14:22,075 INFO o.a.j.t.JMeterThread: Stopping because end time detected by thread: Cenario 1 - Listar Comandas (GET, leitura pesada) 1-304
2026-09-09 22:14:22,075 INFO o.a.j.t.JMeterThread: Thread finished: Cenario 1 - Listar Comandas (GET, leitura pesada) 1-304
2026-09-09 22:14:22,121 INFO o.a.j.t.JMeterThread: Stopping because end time detected by thread: Cenario 1 - Listar Comandas (GET, leitura pesada) 1-302
2026-09-09 22:14:22,121 INFO o.a.j.t.JMeterThread: Thread finished: Cenario 1 - Listar Comandas (GET, leitura pesada) 1-302
2026-09-09 22:14:22,150 INFO o.a.j.t.JMeterThread: Stopping because end time detected by thread: Cenario 1 - Listar Comandas (GET, leitura pesada) 1-307
2026-09-09 22:14:22,150 INFO o.a.j.t.JMeterThread: Thread finished: Cenario 1 - Listar Comandas (GET, leitura pesada) 1-307
2026-09-09 22:14:22,157 INFO o.a.j.t.JMeterThread: Stopping because end time detected by thread: Cenario 1 - Listar Comandas (GET, leitura pesada) 1-430
2026-09-09 22:14:22,157 INFO o.a.j.t.JMeterThread: Thread finished: Cenario 1 - Listar Comandas (GET, leitura pesada) 1-430
2026-09-09 22:14:22,160 INFO o.a.j.t.JMeterThread: Stopping because end time detected by thread: Cenario 1 - Listar Comandas (GET, leitura pesada) 1-37
2026-09-09 22:14:22,160 INFO o.a.j.t.JMeterThread: Thread finished: Cenario 1 - Listar Comandas (GET, leitura pesada) 1-37
2026-09-09 22:14:22,163 INFO o.a.j.t.JMeterThread: Stopping because end time detected by thread: Cenario 1 - Listar Comandas (GET, leitura pesada) 1-425
2026-09-09 22:14:22,163 INFO o.a.j.t.JMeterThread: Thread finished: Cenario 1 - Listar Comandas (GET, leitura pesada) 1-425
2026-09-09 22:14:22,177 INFO o.a.j.t.JMeterThread: Stopping because end time detected by thread: Cenario 1 - Listar Comandas (GET, leitura pesada) 1-310
2026-09-09 22:14:22,177 INFO o.a.j.t.JMeterThread: Thread finished: Cenario 1 - Listar Comandas (GET, leitura pesada) 1-310
2026-09-09 22:14:22,208 INFO o.a.j.t.JMeterThread: Stopping because end time detected by thread: Cenario 1 - Listar Comandas (GET, leitura pesada) 1-109
2026-09-09 22:14:22,208 INFO o.a.j.t.JMeterThread: Thread finished: Cenario 1 - Listar Comandas (GET, leitura pesada) 1-109
2026-09-09 22:14:22,219 INFO o.a.j.t.JMeterThread: Stopping because end time detected by thread: Cenario 1 - Listar Comandas (GET, leitura pesada) 1-309
2026-09-09 22:14:22,219 INFO o.a.j.t.JMeterThread: Thread finished: Cenario 1 - Listar Comandas (GET, leitura pesada) 1-309
2026-09-09 22:14:22,234 INFO o.a.j.t.JMeterThread: Stopping because end time detected by thread: Cenario 1 - Listar Comandas (GET, leitura pesada) 1-435
2026-09-09 22:14:22,234 INFO o.a.j.t.JMeterThread: Thread finished: Cenario 1 - Listar Comandas (GET, leitura pesada) 1-435
2026-09-09 22:14:22,242 INFO o.a.j.t.JMeterThread: Stopping because end time detected by thread: Cenario 1 - Listar Comandas (GET, leitura pesada) 1-432
2026-09-09 22:14:22,242 INFO o.a.j.t.JMeterThread: Thread finished: Cenario 1 - Listar Comandas (GET, leitura pesada) 1-432
2026-09-09 22:14:22,282 INFO o.a.j.t.JMeterThread: Stopping because end time detected by thread: Cenario 1 - Listar Comandas (GET, leitura pesada) 1-9
2026-09-09 22:14:22,282 INFO o.a.j.t.JMeterThread: Thread finished: Cenario 1 - Listar Comandas (GET, leitura pesada) 1-9
2026-09-09 22:14:22,327 INFO o.a.j.t.JMeterThread: Stopping because end time detected by thread: Cenario 1 - Listar Comandas (GET, leitura pesada) 1-3
2026-09-09 22:14:22,327 INFO o.a.j.t.JMeterThread: Thread finished: Cenario 1 - Listar Comandas (GET, leitura pesada) 1-3
2026-09-09 22:14:22,327 INFO o.a.j.t.JMeterThread: Stopping because end time detected by thread: Cenario 1 - Listar Comandas (GET, leitura pesada) 1-312
2026-09-09 22:14:22,327 INFO o.a.j.t.JMeterThread: Thread finished: Cenario 1 - Listar Comandas (GET, leitura pesada) 1-312
2026-09-09 22:14:22,330 INFO o.a.j.t.JMeterThread: Stopping because end time detected by thread: Cenario 1 - Listar Comandas (GET, leitura pesada) 1-110
2026-09-09 22:14:22,330 INFO o.a.j.t.JMeterThread: Thread finished: Cenario 1 - Listar Comandas (GET, leitura pesada) 1-110
2026-09-09 22:14:22,339 INFO o.a.j.t.JMeterThread: Stopping because end time detected by thread: Cenario 1 - Listar Comandas (GET, leitura pesada) 1-151
2026-09-09 22:14:22,339 INFO o.a.j.t.JMeterThread: Thread finished: Cenario 1 - Listar Comandas (GET, leitura pesada) 1-151
2026-09-09 22:14:22,339 INFO o.a.j.t.JMeterThread: Stopping because end time detected by thread: Cenario 1 - Listar Comandas (GET, leitura pesada) 1-238
2026-09-09 22:14:22,340 INFO o.a.j.t.JMeterThread: Thread finished: Cenario 1 - Listar Comandas (GET, leitura pesada) 1-238
2026-09-09 22:14:22,382 INFO o.a.j.t.JMeterThread: Stopping because end time detected by thread: Cenario 1 - Listar Comandas (GET, leitura pesada) 1-191
2026-09-09 22:14:22,382 INFO o.a.j.t.JMeterThread: Thread finished: Cenario 1 - Listar Comandas (GET, leitura pesada) 1-191
2026-09-09 22:14:22,392 INFO o.a.j.t.JMeterThread: Stopping because end time detected by thread: Cenario 1 - Listar Comandas (GET, leitura pesada) 1-192
2026-09-09 22:14:22,392 INFO o.a.j.t.JMeterThread: Thread finished: Cenario 1 - Listar Comandas (GET, leitura pesada) 1-192
2026-09-09 22:14:22,405 INFO o.a.j.t.JMeterThread: Stopping because end time detected by thread: Cenario 1 - Listar Comandas (GET, leitura pesada) 1-268
2026-09-09 22:14:22,406 INFO o.a.j.t.JMeterThread: Thread finished: Cenario 1 - Listar Comandas (GET, leitura pesada) 1-268
2026-09-09 22:14:22,428 INFO o.a.j.t.JMeterThread: Stopping because end time detected by thread: Cenario 1 - Listar Comandas (GET, leitura pesada) 1-193
2026-09-09 22:14:22,428 INFO o.a.j.t.JMeterThread: Thread finished: Cenario 1 - Listar Comandas (GET, leitura pesada) 1-193
2026-09-09 22:14:22,473 INFO o.a.j.t.JMeterThread: Stopping because end time detected by thread: Cenario 1 - Listar Comandas (GET, leitura pesada) 1-194
2026-09-09 22:14:22,473 INFO o.a.j.t.JMeterThread: Thread finished: Cenario 1 - Listar Comandas (GET, leitura pesada) 1-194
2026-09-09 22:14:22,503 INFO o.a.j.t.JMeterThread: Stopping because end time detected by thread: Cenario 1 - Listar Comandas (GET, leitura pesada) 1-195
2026-09-09 22:14:22,504 INFO o.a.j.t.JMeterThread: Thread finished: Cenario 1 - Listar Comandas (GET, leitura pesada) 1-195
2026-09-09 22:14:22,504 INFO o.a.j.t.JMeterThread: Stopping because end time detected by thread: Cenario 1 - Listar Comandas (GET, leitura pesada) 1-50
2026-09-09 22:14:22,504 INFO o.a.j.t.JMeterThread: Thread finished: Cenario 1 - Listar Comandas (GET, leitura pesada) 1-50
2026-09-09 22:14:22,507 INFO o.a.j.t.JMeterThread: Stopping because end time detected by thread: Cenario 1 - Listar Comandas (GET, leitura pesada) 1-157
2026-09-09 22:14:22,508 INFO o.a.j.t.JMeterThread: Thread finished: Cenario 1 - Listar Comandas (GET, leitura pesada) 1-157
2026-09-09 22:14:22,513 INFO o.a.j.t.JMeterThread: Stopping because end time detected by thread: Cenario 1 - Listar Comandas (GET, leitura pesada) 1-321
2026-09-09 22:14:22,514 INFO o.a.j.t.JMeterThread: Thread finished: Cenario 1 - Listar Comandas (GET, leitura pesada) 1-321
2026-09-09 22:14:22,517 INFO o.a.j.t.JMeterThread: Stopping because end time detected by thread: Cenario 1 - Listar Comandas (GET, leitura pesada) 1-439
2026-09-09 22:14:22,518 INFO o.a.j.t.JMeterThread: Thread finished: Cenario 1 - Listar Comandas (GET, leitura pesada) 1-439
2026-09-09 22:14:22,566 INFO o.a.j.t.JMeterThread: Stopping because end time detected by thread: Cenario 1 - Listar Comandas (GET, leitura pesada) 1-323
2026-09-09 22:14:22,566 INFO o.a.j.t.JMeterThread: Thread finished: Cenario 1 - Listar Comandas (GET, leitura pesada) 1-323
2026-09-09 22:14:22,566 INFO o.a.j.t.JMeterThread: Stopping because end time detected by thread: Cenario 1 - Listar Comandas (GET, leitura pesada) 1-320
2026-09-09 22:14:22,566 INFO o.a.j.t.JMeterThread: Thread finished: Cenario 1 - Listar Comandas (GET, leitura pesada) 1-320
2026-09-09 22:14:22,575 INFO o.a.j.t.JMeterThread: Stopping because end time detected by thread: Cenario 1 - Listar Comandas (GET, leitura pesada) 1-447
2026-09-09 22:14:22,576 INFO o.a.j.t.JMeterThread: Thread finished: Cenario 1 - Listar Comandas (GET, leitura pesada) 1-447
2026-09-09 22:14:22,610 INFO o.a.j.t.JMeterThread: Stopping because end time detected by thread: Cenario 1 - Listar Comandas (GET, leitura pesada) 1-93
2026-09-09 22:14:22,611 INFO o.a.j.t.JMeterThread: Thread finished: Cenario 1 - Listar Comandas (GET, leitura pesada) 1-93
2026-09-09 22:14:22,640 INFO o.a.j.t.JMeterThread: Stopping because end time detected by thread: Cenario 1 - Listar Comandas (GET, leitura pesada) 1-322
2026-09-09 22:14:22,640 INFO o.a.j.t.JMeterThread: Thread finished: Cenario 1 - Listar Comandas (GET, leitura pesada) 1-322
2026-09-09 22:14:22,673 INFO o.a.j.t.JMeterThread: Stopping because end time detected by thread: Cenario 1 - Listar Comandas (GET, leitura pesada) 1-326
2026-09-09 22:14:22,673 INFO o.a.j.t.JMeterThread: Thread finished: Cenario 1 - Listar Comandas (GET, leitura pesada) 1-326
2026-09-09 22:14:22,680 INFO o.a.j.t.JMeterThread: Stopping because end time detected by thread: Cenario 1 - Listar Comandas (GET, leitura pesada) 1-40
2026-09-09 22:14:22,680 INFO o.a.j.t.JMeterThread: Thread finished: Cenario 1 - Listar Comandas (GET, leitura pesada) 1-40
2026-09-09 22:14:22,682 INFO o.a.j.t.JMeterThread: Stopping because end time detected by thread: Cenario 1 - Listar Comandas (GET, leitura pesada) 1-327
2026-09-09 22:14:22,682 INFO o.a.j.t.JMeterThread: Thread finished: Cenario 1 - Listar Comandas (GET, leitura pesada) 1-327
2026-09-09 22:14:22,685 INFO o.a.j.t.JMeterThread: Stopping because end time detected by thread: Cenario 1 - Listar Comandas (GET, leitura pesada) 1-112
2026-09-09 22:14:22,685 INFO o.a.j.t.JMeterThread: Thread finished: Cenario 1 - Listar Comandas (GET, leitura pesada) 1-112
2026-09-09 22:14:22,690 INFO o.a.j.t.JMeterThread: Stopping because end time detected by thread: Cenario 1 - Listar Comandas (GET, leitura pesada) 1-328
2026-09-09 22:14:22,690 INFO o.a.j.t.JMeterThread: Thread finished: Cenario 1 - Listar Comandas (GET, leitura pesada) 1-328
2026-09-09 22:14:22,744 INFO o.a.j.t.JMeterThread: Stopping because end time detected by thread: Cenario 1 - Listar Comandas (GET, leitura pesada) 1-289
2026-09-09 22:14:22,744 INFO o.a.j.t.JMeterThread: Thread finished: Cenario 1 - Listar Comandas (GET, leitura pesada) 1-289
2026-09-09 22:14:22,749 INFO o.a.j.t.JMeterThread: Stopping because end time detected by thread: Cenario 1 - Listar Comandas (GET, leitura pesada) 1-329
2026-09-09 22:14:22,749 INFO o.a.j.t.JMeterThread: Thread finished: Cenario 1 - Listar Comandas (GET, leitura pesada) 1-329
2026-09-09 22:14:22,761 INFO o.a.j.t.JMeterThread: Stopping because end time detected by thread: Cenario 1 - Listar Comandas (GET, leitura pesada) 1-206
2026-09-09 22:14:22,761 INFO o.a.j.t.JMeterThread: Thread finished: Cenario 1 - Listar Comandas (GET, leitura pesada) 1-206
2026-09-09 22:14:22,779 INFO o.a.j.t.JMeterThread: Stopping because end time detected by thread: Cenario 1 - Listar Comandas (GET, leitura pesada) 1-116
2026-09-09 22:14:22,779 INFO o.a.j.t.JMeterThread: Thread finished: Cenario 1 - Listar Comandas (GET, leitura pesada) 1-116
2026-09-09 22:14:22,816 INFO o.a.j.t.JMeterThread: Stopping because end time detected by thread: Cenario 1 - Listar Comandas (GET, leitura pesada) 1-114
2026-09-09 22:14:22,816 INFO o.a.j.t.JMeterThread: Thread finished: Cenario 1 - Listar Comandas (GET, leitura pesada) 1-114
2026-09-09 22:14:22,842 INFO o.a.j.t.JMeterThread: Stopping because end time detected by thread: Cenario 1 - Listar Comandas (GET, leitura pesada) 1-117
2026-09-09 22:14:22,842 INFO o.a.j.t.JMeterThread: Thread finished: Cenario 1 - Listar Comandas (GET, leitura pesada) 1-117
2026-09-09 22:14:22,846 INFO o.a.j.t.JMeterThread: Stopping because end time detected by thread: Cenario 1 - Listar Comandas (GET, leitura pesada) 1-115
2026-09-09 22:14:22,846 INFO o.a.j.t.JMeterThread: Thread finished: Cenario 1 - Listar Comandas (GET, leitura pesada) 1-115
2026-09-09 22:14:22,849 INFO o.a.j.t.JMeterThread: Stopping because end time detected by thread: Cenario 1 - Listar Comandas (GET, leitura pesada) 1-113
2026-09-09 22:14:22,849 INFO o.a.j.t.JMeterThread: Thread finished: Cenario 1 - Listar Comandas (GET, leitura pesada) 1-113
2026-09-09 22:14:22,861 INFO o.a.j.t.JMeterThread: Stopping because end time detected by thread: Cenario 1 - Listar Comandas (GET, leitura pesada) 1-207
2026-09-09 22:14:22,862 INFO o.a.j.t.JMeterThread: Thread finished: Cenario 1 - Listar Comandas (GET, leitura pesada) 1-207
2026-09-09 22:14:22,868 INFO o.a.j.t.JMeterThread: Stopping because end time detected by thread: Cenario 1 - Listar Comandas (GET, leitura pesada) 1-332
2026-09-09 22:14:22,868 INFO o.a.j.t.JMeterThread: Thread finished: Cenario 1 - Listar Comandas (GET, leitura pesada) 1-332
2026-09-09 22:14:22,916 INFO o.a.j.t.JMeterThread: Stopping because end time detected by thread: Cenario 1 - Listar Comandas (GET, leitura pesada) 1-454
2026-09-09 22:14:22,916 INFO o.a.j.t.JMeterThread: Thread finished: Cenario 1 - Listar Comandas (GET, leitura pesada) 1-454
2026-09-09 22:14:22,919 INFO o.a.j.t.JMeterThread: Stopping because end time detected by thread: Cenario 1 - Listar Comandas (GET, leitura pesada) 1-164
2026-09-09 22:14:22,919 INFO o.a.j.t.JMeterThread: Thread finished: Cenario 1 - Listar Comandas (GET, leitura pesada) 1-164
2026-09-09 22:14:22,942 INFO o.a.j.t.JMeterThread: Stopping because end time detected by thread: Cenario 1 - Listar Comandas (GET, leitura pesada) 1-119
2026-09-09 22:14:22,942 INFO o.a.j.t.JMeterThread: Thread finished: Cenario 1 - Listar Comandas (GET, leitura pesada) 1-119
2026-09-09 22:14:22,975 INFO o.a.j.t.JMeterThread: Stopping because end time detected by thread: Cenario 1 - Listar Comandas (GET, leitura pesada) 1-211
2026-09-09 22:14:22,975 INFO o.a.j.t.JMeterThread: Thread finished: Cenario 1 - Listar Comandas (GET, leitura pesada) 1-211
2026-09-09 22:14:22,984 INFO o.a.j.t.JMeterThread: Stopping because end time detected by thread: Cenario 1 - Listar Comandas (GET, leitura pesada) 1-120
2026-09-09 22:14:22,984 INFO o.a.j.t.JMeterThread: Thread finished: Cenario 1 - Listar Comandas (GET, leitura pesada) 1-120
2026-09-09 22:14:23,000 INFO o.a.j.t.JMeterThread: Stopping because end time detected by thread: Cenario 1 - Listar Comandas (GET, leitura pesada) 1-335
2026-09-09 22:14:23,001 INFO o.a.j.t.JMeterThread: Thread finished: Cenario 1 - Listar Comandas (GET, leitura pesada) 1-335
2026-09-09 22:14:23,026 INFO o.a.j.t.JMeterThread: Stopping because end time detected by thread: Cenario 1 - Listar Comandas (GET, leitura pesada) 1-341
2026-09-09 22:14:23,026 INFO o.a.j.t.JMeterThread: Thread finished: Cenario 1 - Listar Comandas (GET, leitura pesada) 1-341
2026-09-09 22:14:23,030 INFO o.a.j.t.JMeterThread: Stopping because end time detected by thread: Cenario 1 - Listar Comandas (GET, leitura pesada) 1-342
2026-09-09 22:14:23,030 INFO o.a.j.t.JMeterThread: Thread finished: Cenario 1 - Listar Comandas (GET, leitura pesada) 1-342
2026-09-09 22:14:23,036 INFO o.a.j.t.JMeterThread: Stopping because end time detected by thread: Cenario 1 - Listar Comandas (GET, leitura pesada) 1-338
2026-09-09 22:14:23,036 INFO o.a.j.t.JMeterThread: Thread finished: Cenario 1 - Listar Comandas (GET, leitura pesada) 1-338
2026-09-09 22:14:23,066 INFO o.a.j.t.JMeterThread: Stopping because end time detected by thread: Cenario 1 - Listar Comandas (GET, leitura pesada) 1-346
2026-09-09 22:14:23,066 INFO o.a.j.t.JMeterThread: Thread finished: Cenario 1 - Listar Comandas (GET, leitura pesada) 1-346
2026-09-09 22:14:23,071 INFO o.a.j.t.JMeterThread: Stopping because end time detected by thread: Cenario 1 - Listar Comandas (GET, leitura pesada) 1-343
2026-09-09 22:14:23,071 INFO o.a.j.t.JMeterThread: Thread finished: Cenario 1 - Listar Comandas (GET, leitura pesada) 1-343
2026-09-09 22:14:23,100 INFO o.a.j.t.JMeterThread: Stopping because end time detected by thread: Cenario 1 - Listar Comandas (GET, leitura pesada) 1-123
2026-09-09 22:14:23,100 INFO o.a.j.t.JMeterThread: Thread finished: Cenario 1 - Listar Comandas (GET, leitura pesada) 1-123
2026-09-09 22:14:23,102 INFO o.a.j.t.JMeterThread: Stopping because end time detected by thread: Cenario 1 - Listar Comandas (GET, leitura pesada) 1-344
2026-09-09 22:14:23,102 INFO o.a.j.t.JMeterThread: Thread finished: Cenario 1 - Listar Comandas (GET, leitura pesada) 1-344
2026-09-09 22:14:23,138 INFO o.a.j.t.JMeterThread: Stopping because end time detected by thread: Cenario 1 - Listar Comandas (GET, leitura pesada) 1-125
2026-09-09 22:14:23,138 INFO o.a.j.t.JMeterThread: Thread finished: Cenario 1 - Listar Comandas (GET, leitura pesada) 1-125
2026-09-09 22:14:23,148 INFO o.a.j.t.JMeterThread: Stopping because end time detected by thread: Cenario 1 - Listar Comandas (GET, leitura pesada) 1-424
2026-09-09 22:14:23,148 INFO o.a.j.t.JMeterThread: Thread finished: Cenario 1 - Listar Comandas (GET, leitura pesada) 1-424
2026-09-09 22:14:23,158 INFO o.a.j.t.JMeterThread: Stopping because end time detected by thread: Cenario 1 - Listar Comandas (GET, leitura pesada) 1-122
2026-09-09 22:14:23,158 INFO o.a.j.t.JMeterThread: Thread finished: Cenario 1 - Listar Comandas (GET, leitura pesada) 1-122
2026-09-09 22:14:23,193 INFO o.a.j.t.JMeterThread: Stopping because end time detected by thread: Cenario 1 - Listar Comandas (GET, leitura pesada) 1-345
2026-09-09 22:14:23,193 INFO o.a.j.t.JMeterThread: Thread finished: Cenario 1 - Listar Comandas (GET, leitura pesada) 1-345
2026-09-09 22:14:23,206 INFO o.a.j.t.JMeterThread: Stopping because end time detected by thread: Cenario 1 - Listar Comandas (GET, leitura pesada) 1-347
2026-09-09 22:14:23,206 INFO o.a.j.t.JMeterThread: Thread finished: Cenario 1 - Listar Comandas (GET, leitura pesada) 1-347
2026-09-09 22:14:23,212 INFO o.a.j.t.JMeterThread: Stopping because end time detected by thread: Cenario 1 - Listar Comandas (GET, leitura pesada) 1-126
2026-09-09 22:14:23,213 INFO o.a.j.t.JMeterThread: Thread finished: Cenario 1 - Listar Comandas (GET, leitura pesada) 1-126
2026-09-09 22:14:23,256 INFO o.a.j.t.JMeterThread: Stopping because end time detected by thread: Cenario 1 - Listar Comandas (GET, leitura pesada) 1-301
2026-09-09 22:14:23,256 INFO o.a.j.t.JMeterThread: Thread finished: Cenario 1 - Listar Comandas (GET, leitura pesada) 1-301
2026-09-09 22:14:23,256 INFO o.a.j.t.JMeterThread: Stopping because end time detected by thread: Cenario 1 - Listar Comandas (GET, leitura pesada) 1-124
2026-09-09 22:14:23,256 INFO o.a.j.t.JMeterThread: Thread finished: Cenario 1 - Listar Comandas (GET, leitura pesada) 1-124
2026-09-09 22:14:23,273 INFO o.a.j.t.JMeterThread: Stopping because end time detected by thread: Cenario 1 - Listar Comandas (GET, leitura pesada) 1-300
2026-09-09 22:14:23,273 INFO o.a.j.t.JMeterThread: Stopping because end time detected by thread: Cenario 1 - Listar Comandas (GET, leitura pesada) 1-350
2026-09-09 22:14:23,273 INFO o.a.j.t.JMeterThread: Thread finished: Cenario 1 - Listar Comandas (GET, leitura pesada) 1-300
2026-09-09 22:14:23,273 INFO o.a.j.t.JMeterThread: Thread finished: Cenario 1 - Listar Comandas (GET, leitura pesada) 1-350
2026-09-09 22:14:23,310 INFO o.a.j.t.JMeterThread: Stopping because end time detected by thread: Cenario 1 - Listar Comandas (GET, leitura pesada) 1-349
2026-09-09 22:14:23,310 INFO o.a.j.t.JMeterThread: Thread finished: Cenario 1 - Listar Comandas (GET, leitura pesada) 1-349
2026-09-09 22:14:23,323 INFO o.a.j.t.JMeterThread: Stopping because end time detected by thread: Cenario 1 - Listar Comandas (GET, leitura pesada) 1-305
2026-09-09 22:14:23,323 INFO o.a.j.t.JMeterThread: Thread finished: Cenario 1 - Listar Comandas (GET, leitura pesada) 1-305
2026-09-09 22:14:23,325 INFO o.a.j.t.JMeterThread: Stopping because end time detected by thread: Cenario 1 - Listar Comandas (GET, leitura pesada) 1-80
2026-09-09 22:14:23,325 INFO o.a.j.t.JMeterThread: Thread finished: Cenario 1 - Listar Comandas (GET, leitura pesada) 1-80
2026-09-09 22:14:23,335 INFO o.a.j.t.JMeterThread: Stopping because end time detected by thread: Cenario 1 - Listar Comandas (GET, leitura pesada) 1-127
2026-09-09 22:14:23,335 INFO o.a.j.t.JMeterThread: Thread finished: Cenario 1 - Listar Comandas (GET, leitura pesada) 1-127
2026-09-09 22:14:23,376 INFO o.a.j.t.JMeterThread: Stopping because end time detected by thread: Cenario 1 - Listar Comandas (GET, leitura pesada) 1-352
2026-09-09 22:14:23,376 INFO o.a.j.t.JMeterThread: Thread finished: Cenario 1 - Listar Comandas (GET, leitura pesada) 1-352
2026-09-09 22:14:23,378 INFO o.a.j.t.JMeterThread: Stopping because end time detected by thread: Cenario 1 - Listar Comandas (GET, leitura pesada) 1-353
2026-09-09 22:14:23,378 INFO o.a.j.t.JMeterThread: Thread finished: Cenario 1 - Listar Comandas (GET, leitura pesada) 1-353
2026-09-09 22:14:23,385 INFO o.a.j.t.JMeterThread: Stopping because end time detected by thread: Cenario 1 - Listar Comandas (GET, leitura pesada) 1-351
2026-09-09 22:14:23,385 INFO o.a.j.t.JMeterThread: Thread finished: Cenario 1 - Listar Comandas (GET, leitura pesada) 1-351
2026-09-09 22:14:23,426 INFO o.a.j.t.JMeterThread: Stopping because end time detected by thread: Cenario 1 - Listar Comandas (GET, leitura pesada) 1-355
2026-09-09 22:14:23,426 INFO o.a.j.t.JMeterThread: Thread finished: Cenario 1 - Listar Comandas (GET, leitura pesada) 1-355
2026-09-09 22:14:23,429 INFO o.a.j.t.JMeterThread: Stopping because end time detected by thread: Cenario 1 - Listar Comandas (GET, leitura pesada) 1-43
2026-09-09 22:14:23,430 INFO o.a.j.t.JMeterThread: Thread finished: Cenario 1 - Listar Comandas (GET, leitura pesada) 1-43
2026-09-09 22:14:23,442 INFO o.a.j.t.JMeterThread: Stopping because end time detected by thread: Cenario 1 - Listar Comandas (GET, leitura pesada) 1-354
2026-09-09 22:14:23,442 INFO o.a.j.t.JMeterThread: Thread finished: Cenario 1 - Listar Comandas (GET, leitura pesada) 1-354
2026-09-09 22:14:23,446 INFO o.a.j.t.JMeterThread: Stopping because end time detected by thread: Cenario 1 - Listar Comandas (GET, leitura pesada) 1-356
2026-09-09 22:14:23,446 INFO o.a.j.t.JMeterThread: Thread finished: Cenario 1 - Listar Comandas (GET, leitura pesada) 1-356
2026-09-09 22:14:23,488 INFO o.a.j.t.JMeterThread: Stopping because end time detected by thread: Cenario 1 - Listar Comandas (GET, leitura pesada) 1-190
2026-09-09 22:14:23,488 INFO o.a.j.t.JMeterThread: Thread finished: Cenario 1 - Listar Comandas (GET, leitura pesada) 1-190
2026-09-09 22:14:23,501 INFO o.a.j.t.JMeterThread: Stopping because end time detected by thread: Cenario 1 - Listar Comandas (GET, leitura pesada) 1-45
2026-09-09 22:14:23,501 INFO o.a.j.t.JMeterThread: Thread finished: Cenario 1 - Listar Comandas (GET, leitura pesada) 1-45
2026-09-09 22:14:23,524 INFO o.a.j.t.JMeterThread: Stopping because end time detected by thread: Cenario 1 - Listar Comandas (GET, leitura pesada) 1-311
2026-09-09 22:14:23,524 INFO o.a.j.t.JMeterThread: Thread finished: Cenario 1 - Listar Comandas (GET, leitura pesada) 1-311
2026-09-09 22:14:23,543 INFO o.a.j.t.JMeterThread: Stopping because end time detected by thread: Cenario 1 - Listar Comandas (GET, leitura pesada) 1-12
2026-09-09 22:14:23,543 INFO o.a.j.t.JMeterThread: Thread finished: Cenario 1 - Listar Comandas (GET, leitura pesada) 1-12
2026-09-09 22:14:23,553 INFO o.a.j.t.JMeterThread: Stopping because end time detected by thread: Cenario 1 - Listar Comandas (GET, leitura pesada) 1-358
2026-09-09 22:14:23,553 INFO o.a.j.t.JMeterThread: Thread finished: Cenario 1 - Listar Comandas (GET, leitura pesada) 1-358
2026-09-09 22:14:23,572 INFO o.a.j.t.JMeterThread: Stopping because end time detected by thread: Cenario 1 - Listar Comandas (GET, leitura pesada) 1-42
2026-09-09 22:14:23,572 INFO o.a.j.t.JMeterThread: Thread finished: Cenario 1 - Listar Comandas (GET, leitura pesada) 1-42
2026-09-09 22:14:23,593 INFO o.a.j.t.JMeterThread: Stopping because end time detected by thread: Cenario 1 - Listar Comandas (GET, leitura pesada) 1-357
2026-09-09 22:14:23,593 INFO o.a.j.t.JMeterThread: Thread finished: Cenario 1 - Listar Comandas (GET, leitura pesada) 1-357
2026-09-09 22:14:23,598 INFO o.a.j.t.JMeterThread: Stopping because end time detected by thread: Cenario 1 - Listar Comandas (GET, leitura pesada) 1-359
2026-09-09 22:14:23,599 INFO o.a.j.t.JMeterThread: Thread finished: Cenario 1 - Listar Comandas (GET, leitura pesada) 1-359
2026-09-09 22:14:23,609 INFO o.a.j.t.JMeterThread: Stopping because end time detected by thread: Cenario 1 - Listar Comandas (GET, leitura pesada) 1-360
2026-09-09 22:14:23,609 INFO o.a.j.t.JMeterThread: Thread finished: Cenario 1 - Listar Comandas (GET, leitura pesada) 1-360
2026-09-09 22:14:23,618 INFO o.a.j.t.JMeterThread: Stopping because end time detected by thread: Cenario 1 - Listar Comandas (GET, leitura pesada) 1-128
2026-09-09 22:14:23,618 INFO o.a.j.t.JMeterThread: Thread finished: Cenario 1 - Listar Comandas (GET, leitura pesada) 1-128
2026-09-09 22:14:23,654 INFO o.a.j.t.JMeterThread: Stopping because end time detected by thread: Cenario 1 - Listar Comandas (GET, leitura pesada) 1-362
2026-09-09 22:14:23,654 INFO o.a.j.t.JMeterThread: Thread finished: Cenario 1 - Listar Comandas (GET, leitura pesada) 1-362
2026-09-09 22:14:23,681 INFO o.a.j.t.JMeterThread: Stopping because end time detected by thread: Cenario 1 - Listar Comandas (GET, leitura pesada) 1-317
2026-09-09 22:14:23,681 INFO o.a.j.t.JMeterThread: Thread finished: Cenario 1 - Listar Comandas (GET, leitura pesada) 1-317
2026-09-09 22:14:23,682 INFO o.a.j.t.JMeterThread: Stopping because end time detected by thread: Cenario 1 - Listar Comandas (GET, leitura pesada) 1-364
2026-09-09 22:14:23,682 INFO o.a.j.t.JMeterThread: Thread finished: Cenario 1 - Listar Comandas (GET, leitura pesada) 1-364
2026-09-09 22:14:23,703 INFO o.a.j.t.JMeterThread: Stopping because end time detected by thread: Cenario 1 - Listar Comandas (GET, leitura pesada) 1-365
2026-09-09 22:14:23,703 INFO o.a.j.t.JMeterThread: Thread finished: Cenario 1 - Listar Comandas (GET, leitura pesada) 1-365
2026-09-09 22:14:23,706 INFO o.a.j.t.JMeterThread: Stopping because end time detected by thread: Cenario 1 - Listar Comandas (GET, leitura pesada) 1-363
2026-09-09 22:14:23,706 INFO o.a.j.t.JMeterThread: Thread finished: Cenario 1 - Listar Comandas (GET, leitura pesada) 1-363
2026-09-09 22:14:23,743 INFO o.a.j.t.JMeterThread: Stopping because end time detected by thread: Cenario 1 - Listar Comandas (GET, leitura pesada) 1-319
2026-09-09 22:14:23,743 INFO o.a.j.t.JMeterThread: Thread finished: Cenario 1 - Listar Comandas (GET, leitura pesada) 1-319
2026-09-09 22:14:23,752 INFO o.a.j.t.JMeterThread: Stopping because end time detected by thread: Cenario 1 - Listar Comandas (GET, leitura pesada) 1-129
2026-09-09 22:14:23,752 INFO o.a.j.t.JMeterThread: Thread finished: Cenario 1 - Listar Comandas (GET, leitura pesada) 1-129
2026-09-09 22:14:23,774 INFO o.a.j.t.JMeterThread: Stopping because end time detected by thread: Cenario 1 - Listar Comandas (GET, leitura pesada) 1-253
2026-09-09 22:14:23,774 INFO o.a.j.t.JMeterThread: Thread finished: Cenario 1 - Listar Comandas (GET, leitura pesada) 1-253
2026-09-09 22:14:23,777 INFO o.a.j.t.JMeterThread: Stopping because end time detected by thread: Cenario 1 - Listar Comandas (GET, leitura pesada) 1-41
2026-09-09 22:14:23,777 INFO o.a.j.t.JMeterThread: Thread finished: Cenario 1 - Listar Comandas (GET, leitura pesada) 1-41
2026-09-09 22:14:23,782 INFO o.a.j.t.JMeterThread: Stopping because end time detected by thread: Cenario 1 - Listar Comandas (GET, leitura pesada) 1-38
2026-09-09 22:14:23,782 INFO o.a.j.t.JMeterThread: Thread finished: Cenario 1 - Listar Comandas (GET, leitura pesada) 1-38
2026-09-09 22:14:23,820 INFO o.a.j.t.JMeterThread: Stopping because end time detected by thread: Cenario 1 - Listar Comandas (GET, leitura pesada) 1-318
2026-09-09 22:14:23,820 INFO o.a.j.t.JMeterThread: Thread finished: Cenario 1 - Listar Comandas (GET, leitura pesada) 1-318
2026-09-09 22:14:23,848 INFO o.a.j.t.JMeterThread: Stopping because end time detected by thread: Cenario 1 - Listar Comandas (GET, leitura pesada) 1-366
2026-09-09 22:14:23,848 INFO o.a.j.t.JMeterThread: Thread finished: Cenario 1 - Listar Comandas (GET, leitura pesada) 1-366
2026-09-09 22:14:23,856 INFO o.a.j.t.JMeterThread: Stopping because end time detected by thread: Cenario 1 - Listar Comandas (GET, leitura pesada) 1-24
2026-09-09 22:14:23,856 INFO o.a.j.t.JMeterThread: Thread finished: Cenario 1 - Listar Comandas (GET, leitura pesada) 1-24
2026-09-09 22:14:23,869 INFO o.a.j.t.JMeterThread: Stopping because end time detected by thread: Cenario 1 - Listar Comandas (GET, leitura pesada) 1-44
2026-09-09 22:14:23,870 INFO o.a.j.t.JMeterThread: Thread finished: Cenario 1 - Listar Comandas (GET, leitura pesada) 1-44
2026-09-09 22:14:23,884 INFO o.a.j.t.JMeterThread: Stopping because end time detected by thread: Cenario 1 - Listar Comandas (GET, leitura pesada) 1-46
2026-09-09 22:14:23,884 INFO o.a.j.t.JMeterThread: Thread finished: Cenario 1 - Listar Comandas (GET, leitura pesada) 1-46
2026-09-09 22:14:23,908 INFO o.a.j.t.JMeterThread: Stopping because end time detected by thread: Cenario 1 - Listar Comandas (GET, leitura pesada) 1-368
2026-09-09 22:14:23,909 INFO o.a.j.t.JMeterThread: Thread finished: Cenario 1 - Listar Comandas (GET, leitura pesada) 1-368
2026-09-09 22:14:23,914 INFO o.a.j.t.JMeterThread: Stopping because end time detected by thread: Cenario 1 - Listar Comandas (GET, leitura pesada) 1-367
2026-09-09 22:14:23,914 INFO o.a.j.t.JMeterThread: Thread finished: Cenario 1 - Listar Comandas (GET, leitura pesada) 1-367
2026-09-09 22:14:23,941 INFO o.a.j.t.JMeterThread: Stopping because end time detected by thread: Cenario 1 - Listar Comandas (GET, leitura pesada) 1-371
2026-09-09 22:14:23,941 INFO o.a.j.t.JMeterThread: Thread finished: Cenario 1 - Listar Comandas (GET, leitura pesada) 1-371
2026-09-09 22:14:23,942 INFO o.a.j.t.JMeterThread: Stopping because end time detected by thread: Cenario 1 - Listar Comandas (GET, leitura pesada) 1-369
2026-09-09 22:14:23,943 INFO o.a.j.t.JMeterThread: Thread finished: Cenario 1 - Listar Comandas (GET, leitura pesada) 1-369
2026-09-09 22:14:23,956 INFO o.a.j.t.JMeterThread: Stopping because end time detected by thread: Cenario 1 - Listar Comandas (GET, leitura pesada) 1-372
2026-09-09 22:14:23,956 INFO o.a.j.t.JMeterThread: Thread finished: Cenario 1 - Listar Comandas (GET, leitura pesada) 1-372
2026-09-09 22:14:23,979 INFO o.a.j.t.JMeterThread: Stopping because end time detected by thread: Cenario 1 - Listar Comandas (GET, leitura pesada) 1-490
2026-09-09 22:14:23,979 INFO o.a.j.t.JMeterThread: Thread finished: Cenario 1 - Listar Comandas (GET, leitura pesada) 1-490
2026-09-09 22:14:24,030 INFO o.a.j.t.JMeterThread: Stopping because end time detected by thread: Cenario 1 - Listar Comandas (GET, leitura pesada) 1-370
2026-09-09 22:14:24,030 INFO o.a.j.t.JMeterThread: Thread finished: Cenario 1 - Listar Comandas (GET, leitura pesada) 1-370
2026-09-09 22:14:24,033 INFO o.a.j.t.JMeterThread: Stopping because end time detected by thread: Cenario 1 - Listar Comandas (GET, leitura pesada) 1-130
2026-09-09 22:14:24,033 INFO o.a.j.t.JMeterThread: Thread finished: Cenario 1 - Listar Comandas (GET, leitura pesada) 1-130
2026-09-09 22:14:24,043 INFO o.a.j.t.JMeterThread: Stopping because end time detected by thread: Cenario 1 - Listar Comandas (GET, leitura pesada) 1-377
2026-09-09 22:14:24,043 INFO o.a.j.t.JMeterThread: Thread finished: Cenario 1 - Listar Comandas (GET, leitura pesada) 1-377
2026-09-09 22:14:24,052 INFO o.a.j.t.JMeterThread: Stopping because end time detected by thread: Cenario 1 - Listar Comandas (GET, leitura pesada) 1-373
2026-09-09 22:14:24,053 INFO o.a.j.t.JMeterThread: Thread finished: Cenario 1 - Listar Comandas (GET, leitura pesada) 1-373
2026-09-09 22:14:24,083 INFO o.a.j.t.JMeterThread: Stopping because end time detected by thread: Cenario 1 - Listar Comandas (GET, leitura pesada) 1-49
2026-09-09 22:14:24,083 INFO o.a.j.t.JMeterThread: Thread finished: Cenario 1 - Listar Comandas (GET, leitura pesada) 1-49
2026-09-09 22:14:24,088 INFO o.a.j.t.JMeterThread: Stopping because end time detected by thread: Cenario 1 - Listar Comandas (GET, leitura pesada) 1-375
2026-09-09 22:14:24,088 INFO o.a.j.t.JMeterThread: Thread finished: Cenario 1 - Listar Comandas (GET, leitura pesada) 1-375
2026-09-09 22:14:24,111 INFO o.a.j.t.JMeterThread: Stopping because end time detected by thread: Cenario 1 - Listar Comandas (GET, leitura pesada) 1-374
2026-09-09 22:14:24,111 INFO o.a.j.t.JMeterThread: Thread finished: Cenario 1 - Listar Comandas (GET, leitura pesada) 1-374
2026-09-09 22:14:24,119 INFO o.a.j.t.JMeterThread: Stopping because end time detected by thread: Cenario 1 - Listar Comandas (GET, leitura pesada) 1-376
2026-09-09 22:14:24,119 INFO o.a.j.t.JMeterThread: Thread finished: Cenario 1 - Listar Comandas (GET, leitura pesada) 1-376
2026-09-09 22:14:24,127 INFO o.a.j.t.JMeterThread: Stopping because end time detected by thread: Cenario 1 - Listar Comandas (GET, leitura pesada) 1-379
2026-09-09 22:14:24,127 INFO o.a.j.t.JMeterThread: Thread finished: Cenario 1 - Listar Comandas (GET, leitura pesada) 1-379
2026-09-09 22:14:24,154 INFO o.a.j.t.JMeterThread: Stopping because end time detected by thread: Cenario 1 - Listar Comandas (GET, leitura pesada) 1-378
2026-09-09 22:14:24,154 INFO o.a.j.t.JMeterThread: Thread finished: Cenario 1 - Listar Comandas (GET, leitura pesada) 1-378
2026-09-09 22:14:24,202 INFO o.a.j.t.JMeterThread: Stopping because end time detected by thread: Cenario 1 - Listar Comandas (GET, leitura pesada) 1-336
2026-09-09 22:14:24,202 INFO o.a.j.t.JMeterThread: Thread finished: Cenario 1 - Listar Comandas (GET, leitura pesada) 1-336
2026-09-09 22:14:24,204 INFO o.a.j.t.JMeterThread: Stopping because end time detected by thread: Cenario 1 - Listar Comandas (GET, leitura pesada) 1-333
2026-09-09 22:14:24,204 INFO o.a.j.t.JMeterThread: Stopping because end time detected by thread: Cenario 1 - Listar Comandas (GET, leitura pesada) 1-380
2026-09-09 22:14:24,205 INFO o.a.j.t.JMeterThread: Thread finished: Cenario 1 - Listar Comandas (GET, leitura pesada) 1-380
2026-09-09 22:14:24,204 INFO o.a.j.t.JMeterThread: Thread finished: Cenario 1 - Listar Comandas (GET, leitura pesada) 1-333
2026-09-09 22:14:24,224 INFO o.a.j.t.JMeterThread: Stopping because end time detected by thread: Cenario 1 - Listar Comandas (GET, leitura pesada) 1-258
2026-09-09 22:14:24,224 INFO o.a.j.t.JMeterThread: Thread finished: Cenario 1 - Listar Comandas (GET, leitura pesada) 1-258
2026-09-09 22:14:24,255 INFO o.a.j.t.JMeterThread: Stopping because end time detected by thread: Cenario 1 - Listar Comandas (GET, leitura pesada) 1-381
2026-09-09 22:14:24,255 INFO o.a.j.t.JMeterThread: Thread finished: Cenario 1 - Listar Comandas (GET, leitura pesada) 1-381
2026-09-09 22:14:24,256 INFO o.a.j.t.JMeterThread: Stopping because end time detected by thread: Cenario 1 - Listar Comandas (GET, leitura pesada) 1-56
2026-09-09 22:14:24,256 INFO o.a.j.t.JMeterThread: Thread finished: Cenario 1 - Listar Comandas (GET, leitura pesada) 1-56
2026-09-09 22:14:24,286 INFO o.a.j.t.JMeterThread: Stopping because end time detected by thread: Cenario 1 - Listar Comandas (GET, leitura pesada) 1-135
2026-09-09 22:14:24,286 INFO o.a.j.t.JMeterThread: Thread finished: Cenario 1 - Listar Comandas (GET, leitura pesada) 1-135
2026-09-09 22:14:24,296 INFO o.a.j.t.JMeterThread: Stopping because end time detected by thread: Cenario 1 - Listar Comandas (GET, leitura pesada) 1-383
2026-09-09 22:14:24,296 INFO o.a.j.t.JMeterThread: Thread finished: Cenario 1 - Listar Comandas (GET, leitura pesada) 1-383
2026-09-09 22:14:24,296 INFO o.a.j.t.JMeterThread: Stopping because end time detected by thread: Cenario 1 - Listar Comandas (GET, leitura pesada) 1-133
2026-09-09 22:14:24,296 INFO o.a.j.t.JMeterThread: Thread finished: Cenario 1 - Listar Comandas (GET, leitura pesada) 1-133
2026-09-09 22:14:24,339 INFO o.a.j.t.JMeterThread: Stopping because end time detected by thread: Cenario 1 - Listar Comandas (GET, leitura pesada) 1-131
2026-09-09 22:14:24,339 INFO o.a.j.t.JMeterThread: Thread finished: Cenario 1 - Listar Comandas (GET, leitura pesada) 1-131
2026-09-09 22:14:24,372 INFO o.a.j.t.JMeterThread: Stopping because end time detected by thread: Cenario 1 - Listar Comandas (GET, leitura pesada) 1-132
2026-09-09 22:14:24,374 INFO o.a.j.t.JMeterThread: Thread finished: Cenario 1 - Listar Comandas (GET, leitura pesada) 1-132
2026-09-09 22:14:24,385 INFO o.a.j.t.JMeterThread: Stopping because end time detected by thread: Cenario 1 - Listar Comandas (GET, leitura pesada) 1-384
2026-09-09 22:14:24,385 INFO o.a.j.t.JMeterThread: Thread finished: Cenario 1 - Listar Comandas (GET, leitura pesada) 1-384
2026-09-09 22:14:24,389 INFO o.a.j.t.JMeterThread: Stopping because end time detected by thread: Cenario 1 - Listar Comandas (GET, leitura pesada) 1-137
2026-09-09 22:14:24,389 INFO o.a.j.t.JMeterThread: Thread finished: Cenario 1 - Listar Comandas (GET, leitura pesada) 1-137
2026-09-09 22:14:24,400 INFO o.a.j.t.JMeterThread: Stopping because end time detected by thread: Cenario 1 - Listar Comandas (GET, leitura pesada) 1-134
2026-09-09 22:14:24,400 INFO o.a.j.t.JMeterThread: Thread finished: Cenario 1 - Listar Comandas (GET, leitura pesada) 1-134
2026-09-09 22:14:24,427 INFO o.a.j.t.JMeterThread: Stopping because end time detected by thread: Cenario 1 - Listar Comandas (GET, leitura pesada) 1-385
2026-09-09 22:14:24,427 INFO o.a.j.t.JMeterThread: Thread finished: Cenario 1 - Listar Comandas (GET, leitura pesada) 1-385
2026-09-09 22:14:24,430 INFO o.a.j.t.JMeterThread: Stopping because end time detected by thread: Cenario 1 - Listar Comandas (GET, leitura pesada) 1-386
2026-09-09 22:14:24,430 INFO o.a.j.t.JMeterThread: Thread finished: Cenario 1 - Listar Comandas (GET, leitura pesada) 1-386
2026-09-09 22:14:24,471 INFO o.a.j.t.JMeterThread: Stopping because end time detected by thread: Cenario 1 - Listar Comandas (GET, leitura pesada) 1-64
2026-09-09 22:14:24,471 INFO o.a.j.t.JMeterThread: Thread finished: Cenario 1 - Listar Comandas (GET, leitura pesada) 1-64
2026-09-09 22:14:24,474 INFO o.a.j.t.JMeterThread: Stopping because end time detected by thread: Cenario 1 - Listar Comandas (GET, leitura pesada) 1-389
2026-09-09 22:14:24,474 INFO o.a.j.t.JMeterThread: Thread finished: Cenario 1 - Listar Comandas (GET, leitura pesada) 1-389
2026-09-09 22:14:24,475 INFO o.a.j.t.JMeterThread: Stopping because end time detected by thread: Cenario 1 - Listar Comandas (GET, leitura pesada) 1-121
2026-09-09 22:14:24,475 INFO o.a.j.t.JMeterThread: Thread finished: Cenario 1 - Listar Comandas (GET, leitura pesada) 1-121
2026-09-09 22:14:24,520 INFO o.a.j.t.JMeterThread: Stopping because end time detected by thread: Cenario 1 - Listar Comandas (GET, leitura pesada) 1-136
2026-09-09 22:14:24,520 INFO o.a.j.t.JMeterThread: Thread finished: Cenario 1 - Listar Comandas (GET, leitura pesada) 1-136
2026-09-09 22:14:24,543 INFO o.a.j.t.JMeterThread: Stopping because end time detected by thread: Cenario 1 - Listar Comandas (GET, leitura pesada) 1-390
2026-09-09 22:14:24,543 INFO o.a.j.t.JMeterThread: Thread finished: Cenario 1 - Listar Comandas (GET, leitura pesada) 1-390
2026-09-09 22:14:24,556 INFO o.a.j.t.JMeterThread: Stopping because end time detected by thread: Cenario 1 - Listar Comandas (GET, leitura pesada) 1-138
2026-09-09 22:14:24,556 INFO o.a.j.t.JMeterThread: Thread finished: Cenario 1 - Listar Comandas (GET, leitura pesada) 1-138
2026-09-09 22:14:24,560 INFO o.a.j.t.JMeterThread: Stopping because end time detected by thread: Cenario 1 - Listar Comandas (GET, leitura pesada) 1-139
2026-09-09 22:14:24,561 INFO o.a.j.t.JMeterThread: Thread finished: Cenario 1 - Listar Comandas (GET, leitura pesada) 1-139
2026-09-09 22:14:24,581 INFO o.a.j.t.JMeterThread: Stopping because end time detected by thread: Cenario 1 - Listar Comandas (GET, leitura pesada) 1-392
2026-09-09 22:14:24,581 INFO o.a.j.t.JMeterThread: Thread finished: Cenario 1 - Listar Comandas (GET, leitura pesada) 1-392
2026-09-09 22:14:24,604 INFO o.a.j.t.JMeterThread: Stopping because end time detected by thread: Cenario 1 - Listar Comandas (GET, leitura pesada) 1-67
2026-09-09 22:14:24,604 INFO o.a.j.t.JMeterThread: Thread finished: Cenario 1 - Listar Comandas (GET, leitura pesada) 1-67
2026-09-09 22:14:24,624 INFO o.a.j.t.JMeterThread: Stopping because end time detected by thread: Cenario 1 - Listar Comandas (GET, leitura pesada) 1-391
2026-09-09 22:14:24,624 INFO o.a.j.t.JMeterThread: Thread finished: Cenario 1 - Listar Comandas (GET, leitura pesada) 1-391
2026-09-09 22:14:24,641 INFO o.a.j.t.JMeterThread: Stopping because end time detected by thread: Cenario 1 - Listar Comandas (GET, leitura pesada) 1-393
2026-09-09 22:14:24,641 INFO o.a.j.t.JMeterThread: Thread finished: Cenario 1 - Listar Comandas (GET, leitura pesada) 1-393
2026-09-09 22:14:24,645 INFO o.a.j.t.JMeterThread: Stopping because end time detected by thread: Cenario 1 - Listar Comandas (GET, leitura pesada) 1-394
2026-09-09 22:14:24,645 INFO o.a.j.t.JMeterThread: Thread finished: Cenario 1 - Listar Comandas (GET, leitura pesada) 1-394
2026-09-09 22:14:24,659 INFO o.a.j.t.JMeterThread: Stopping because end time detected by thread: Cenario 1 - Listar Comandas (GET, leitura pesada) 1-140
2026-09-09 22:14:24,659 INFO o.a.j.t.JMeterThread: Thread finished: Cenario 1 - Listar Comandas (GET, leitura pesada) 1-140
2026-09-09 22:14:24,694 INFO o.a.j.t.JMeterThread: Stopping because end time detected by thread: Cenario 1 - Listar Comandas (GET, leitura pesada) 1-396
2026-09-09 22:14:24,694 INFO o.a.j.t.JMeterThread: Thread finished: Cenario 1 - Listar Comandas (GET, leitura pesada) 1-396
2026-09-09 22:14:24,730 INFO o.a.j.t.JMeterThread: Stopping because end time detected by thread: Cenario 1 - Listar Comandas (GET, leitura pesada) 1-145
2026-09-09 22:14:24,730 INFO o.a.j.t.JMeterThread: Thread finished: Cenario 1 - Listar Comandas (GET, leitura pesada) 1-145
2026-09-09 22:14:24,730 INFO o.a.j.t.JMeterThread: Stopping because end time detected by thread: Cenario 1 - Listar Comandas (GET, leitura pesada) 1-399
2026-09-09 22:14:24,730 INFO o.a.j.t.JMeterThread: Thread finished: Cenario 1 - Listar Comandas (GET, leitura pesada) 1-399
2026-09-09 22:14:24,733 INFO o.a.j.t.JMeterThread: Stopping because end time detected by thread: Cenario 1 - Listar Comandas (GET, leitura pesada) 1-398
2026-09-09 22:14:24,733 INFO o.a.j.t.JMeterThread: Thread finished: Cenario 1 - Listar Comandas (GET, leitura pesada) 1-398
2026-09-09 22:14:24,747 INFO o.a.j.t.JMeterThread: Stopping because end time detected by thread: Cenario 1 - Listar Comandas (GET, leitura pesada) 1-197
2026-09-09 22:14:24,748 INFO o.a.j.t.JMeterThread: Thread finished: Cenario 1 - Listar Comandas (GET, leitura pesada) 1-197
2026-09-09 22:14:24,769 INFO o.a.j.t.JMeterThread: Stopping because end time detected by thread: Cenario 1 - Listar Comandas (GET, leitura pesada) 1-278
2026-09-09 22:14:24,769 INFO o.a.j.t.JMeterThread: Thread finished: Cenario 1 - Listar Comandas (GET, leitura pesada) 1-278
2026-09-09 22:14:24,794 INFO o.a.j.t.JMeterThread: Stopping because end time detected by thread: Cenario 1 - Listar Comandas (GET, leitura pesada) 1-141
2026-09-09 22:14:24,794 INFO o.a.j.t.JMeterThread: Thread finished: Cenario 1 - Listar Comandas (GET, leitura pesada) 1-141
2026-09-09 22:14:24,811 INFO o.a.j.t.JMeterThread: Stopping because end time detected by thread: Cenario 1 - Listar Comandas (GET, leitura pesada) 1-401
2026-09-09 22:14:24,811 INFO o.a.j.t.JMeterThread: Stopping because end time detected by thread: Cenario 1 - Listar Comandas (GET, leitura pesada) 1-198
2026-09-09 22:14:24,811 INFO o.a.j.t.JMeterThread: Thread finished: Cenario 1 - Listar Comandas (GET, leitura pesada) 1-198
2026-09-09 22:14:24,811 INFO o.a.j.t.JMeterThread: Thread finished: Cenario 1 - Listar Comandas (GET, leitura pesada) 1-401
2026-09-09 22:14:24,819 INFO o.a.j.t.JMeterThread: Stopping because end time detected by thread: Cenario 1 - Listar Comandas (GET, leitura pesada) 1-200
2026-09-09 22:14:24,819 INFO o.a.j.t.JMeterThread: Thread finished: Cenario 1 - Listar Comandas (GET, leitura pesada) 1-200
2026-09-09 22:14:24,861 INFO o.a.j.t.JMeterThread: Stopping because end time detected by thread: Cenario 1 - Listar Comandas (GET, leitura pesada) 1-403
2026-09-09 22:14:24,862 INFO o.a.j.t.JMeterThread: Thread finished: Cenario 1 - Listar Comandas (GET, leitura pesada) 1-403
2026-09-09 22:14:24,900 INFO o.a.j.t.JMeterThread: Stopping because end time detected by thread: Cenario 1 - Listar Comandas (GET, leitura pesada) 1-25
2026-09-09 22:14:24,900 INFO o.a.j.t.JMeterThread: Thread finished: Cenario 1 - Listar Comandas (GET, leitura pesada) 1-25
2026-09-09 22:14:24,902 INFO o.a.j.t.JMeterThread: Stopping because end time detected by thread: Cenario 1 - Listar Comandas (GET, leitura pesada) 1-142
2026-09-09 22:14:24,902 INFO o.a.j.t.JMeterThread: Thread finished: Cenario 1 - Listar Comandas (GET, leitura pesada) 1-142
2026-09-09 22:14:24,912 INFO o.a.j.t.JMeterThread: Stopping because end time detected by thread: Cenario 1 - Listar Comandas (GET, leitura pesada) 1-404
2026-09-09 22:14:24,913 INFO o.a.j.t.JMeterThread: Thread finished: Cenario 1 - Listar Comandas (GET, leitura pesada) 1-404
2026-09-09 22:14:24,926 INFO o.a.j.t.JMeterThread: Stopping because end time detected by thread: Cenario 1 - Listar Comandas (GET, leitura pesada) 1-406
2026-09-09 22:14:24,926 INFO o.a.j.t.JMeterThread: Thread finished: Cenario 1 - Listar Comandas (GET, leitura pesada) 1-406
2026-09-09 22:14:24,942 INFO o.a.j.t.JMeterThread: Stopping because end time detected by thread: Cenario 1 - Listar Comandas (GET, leitura pesada) 1-143
2026-09-09 22:14:24,943 INFO o.a.j.t.JMeterThread: Thread finished: Cenario 1 - Listar Comandas (GET, leitura pesada) 1-143
2026-09-09 22:14:24,970 INFO o.a.j.t.JMeterThread: Stopping because end time detected by thread: Cenario 1 - Listar Comandas (GET, leitura pesada) 1-408
2026-09-09 22:14:24,970 INFO o.a.j.t.JMeterThread: Thread finished: Cenario 1 - Listar Comandas (GET, leitura pesada) 1-408
2026-09-09 22:14:24,971 INFO o.a.j.t.JMeterThread: Stopping because end time detected by thread: Cenario 1 - Listar Comandas (GET, leitura pesada) 1-204
2026-09-09 22:14:24,971 INFO o.a.j.t.JMeterThread: Thread finished: Cenario 1 - Listar Comandas (GET, leitura pesada) 1-204
2026-09-09 22:14:24,974 INFO o.a.j.t.JMeterThread: Stopping because end time detected by thread: Cenario 1 - Listar Comandas (GET, leitura pesada) 1-405
2026-09-09 22:14:24,974 INFO o.a.j.t.JMeterThread: Thread finished: Cenario 1 - Listar Comandas (GET, leitura pesada) 1-405
2026-09-09 22:14:24,984 INFO o.a.j.t.JMeterThread: Stopping because end time detected by thread: Cenario 1 - Listar Comandas (GET, leitura pesada) 1-407
2026-09-09 22:14:24,984 INFO o.a.j.t.JMeterThread: Thread finished: Cenario 1 - Listar Comandas (GET, leitura pesada) 1-407
2026-09-09 22:14:25,025 INFO o.a.j.t.JMeterThread: Stopping because end time detected by thread: Cenario 1 - Listar Comandas (GET, leitura pesada) 1-334
2026-09-09 22:14:25,025 INFO o.a.j.t.JMeterThread: Thread finished: Cenario 1 - Listar Comandas (GET, leitura pesada) 1-334
2026-09-09 22:14:25,068 INFO o.a.j.t.JMeterThread: Stopping because end time detected by thread: Cenario 1 - Listar Comandas (GET, leitura pesada) 1-47
2026-09-09 22:14:25,068 INFO o.a.j.t.JMeterThread: Thread finished: Cenario 1 - Listar Comandas (GET, leitura pesada) 1-47
2026-09-09 22:14:25,071 INFO o.a.j.t.JMeterThread: Stopping because end time detected by thread: Cenario 1 - Listar Comandas (GET, leitura pesada) 1-410
2026-09-09 22:14:25,071 INFO o.a.j.t.JMeterThread: Thread finished: Cenario 1 - Listar Comandas (GET, leitura pesada) 1-410
2026-09-09 22:14:25,114 INFO o.a.j.t.JMeterThread: Stopping because end time detected by thread: Cenario 1 - Listar Comandas (GET, leitura pesada) 1-27
2026-09-09 22:14:25,114 INFO o.a.j.t.JMeterThread: Thread finished: Cenario 1 - Listar Comandas (GET, leitura pesada) 1-27
2026-09-09 22:14:25,117 INFO o.a.j.t.JMeterThread: Stopping because end time detected by thread: Cenario 1 - Listar Comandas (GET, leitura pesada) 1-212
2026-09-09 22:14:25,117 INFO o.a.j.t.JMeterThread: Thread finished: Cenario 1 - Listar Comandas (GET, leitura pesada) 1-212
2026-09-09 22:14:25,136 INFO o.a.j.t.JMeterThread: Stopping because end time detected by thread: Cenario 1 - Listar Comandas (GET, leitura pesada) 1-411
2026-09-09 22:14:25,136 INFO o.a.j.t.JMeterThread: Thread finished: Cenario 1 - Listar Comandas (GET, leitura pesada) 1-411
2026-09-09 22:14:25,164 INFO o.a.j.t.JMeterThread: Stopping because end time detected by thread: Cenario 1 - Listar Comandas (GET, leitura pesada) 1-417
2026-09-09 22:14:25,164 INFO o.a.j.t.JMeterThread: Thread finished: Cenario 1 - Listar Comandas (GET, leitura pesada) 1-417
2026-09-09 22:14:25,166 INFO o.a.j.t.JMeterThread: Stopping because end time detected by thread: Cenario 1 - Listar Comandas (GET, leitura pesada) 1-53
2026-09-09 22:14:25,166 INFO o.a.j.t.JMeterThread: Thread finished: Cenario 1 - Listar Comandas (GET, leitura pesada) 1-53
2026-09-09 22:14:25,166 INFO o.a.j.t.JMeterThread: Stopping because end time detected by thread: Cenario 1 - Listar Comandas (GET, leitura pesada) 1-409
2026-09-09 22:14:25,166 INFO o.a.j.t.JMeterThread: Thread finished: Cenario 1 - Listar Comandas (GET, leitura pesada) 1-409
2026-09-09 22:14:25,171 INFO o.a.j.t.JMeterThread: Stopping because end time detected by thread: Cenario 1 - Listar Comandas (GET, leitura pesada) 1-103
2026-09-09 22:14:25,171 INFO o.a.j.t.JMeterThread: Thread finished: Cenario 1 - Listar Comandas (GET, leitura pesada) 1-103
2026-09-09 22:14:25,237 INFO o.a.j.t.JMeterThread: Stopping because end time detected by thread: Cenario 1 - Listar Comandas (GET, leitura pesada) 1-16
2026-09-09 22:14:25,238 INFO o.a.j.t.JMeterThread: Thread finished: Cenario 1 - Listar Comandas (GET, leitura pesada) 1-16
2026-09-09 22:14:25,272 INFO o.a.j.t.JMeterThread: Stopping because end time detected by thread: Cenario 1 - Listar Comandas (GET, leitura pesada) 1-214
2026-09-09 22:14:25,272 INFO o.a.j.t.JMeterThread: Thread finished: Cenario 1 - Listar Comandas (GET, leitura pesada) 1-214
2026-09-09 22:14:25,288 INFO o.a.j.t.JMeterThread: Stopping because end time detected by thread: Cenario 1 - Listar Comandas (GET, leitura pesada) 1-419
2026-09-09 22:14:25,289 INFO o.a.j.t.JMeterThread: Thread finished: Cenario 1 - Listar Comandas (GET, leitura pesada) 1-419
2026-09-09 22:14:25,294 INFO o.a.j.t.JMeterThread: Stopping because end time detected by thread: Cenario 1 - Listar Comandas (GET, leitura pesada) 1-5
2026-09-09 22:14:25,294 INFO o.a.j.t.JMeterThread: Thread finished: Cenario 1 - Listar Comandas (GET, leitura pesada) 1-5
2026-09-09 22:14:25,295 INFO o.a.j.t.JMeterThread: Stopping because end time detected by thread: Cenario 1 - Listar Comandas (GET, leitura pesada) 1-6
2026-09-09 22:14:25,295 INFO o.a.j.t.JMeterThread: Thread finished: Cenario 1 - Listar Comandas (GET, leitura pesada) 1-6
2026-09-09 22:14:25,334 INFO o.a.j.t.JMeterThread: Stopping because end time detected by thread: Cenario 1 - Listar Comandas (GET, leitura pesada) 1-4
2026-09-09 22:14:25,334 INFO o.a.j.t.JMeterThread: Thread finished: Cenario 1 - Listar Comandas (GET, leitura pesada) 1-4
2026-09-09 22:14:25,339 INFO o.a.j.t.JMeterThread: Stopping because end time detected by thread: Cenario 1 - Listar Comandas (GET, leitura pesada) 1-219
2026-09-09 22:14:25,339 INFO o.a.j.t.JMeterThread: Thread finished: Cenario 1 - Listar Comandas (GET, leitura pesada) 1-219
2026-09-09 22:14:25,341 INFO o.a.j.t.JMeterThread: Stopping because end time detected by thread: Cenario 1 - Listar Comandas (GET, leitura pesada) 1-54
2026-09-09 22:14:25,341 INFO o.a.j.t.JMeterThread: Thread finished: Cenario 1 - Listar Comandas (GET, leitura pesada) 1-54
2026-09-09 22:14:25,348 INFO o.a.j.t.JMeterThread: Stopping because end time detected by thread: Cenario 1 - Listar Comandas (GET, leitura pesada) 1-30
2026-09-09 22:14:25,348 INFO o.a.j.t.JMeterThread: Thread finished: Cenario 1 - Listar Comandas (GET, leitura pesada) 1-30
2026-09-09 22:14:25,383 INFO o.a.j.t.JMeterThread: Stopping because end time detected by thread: Cenario 1 - Listar Comandas (GET, leitura pesada) 1-149
2026-09-09 22:14:25,383 INFO o.a.j.t.JMeterThread: Thread finished: Cenario 1 - Listar Comandas (GET, leitura pesada) 1-149
2026-09-09 22:14:25,419 INFO o.a.j.t.JMeterThread: Stopping because end time detected by thread: Cenario 1 - Listar Comandas (GET, leitura pesada) 1-422
2026-09-09 22:14:25,420 INFO o.a.j.t.JMeterThread: Thread finished: Cenario 1 - Listar Comandas (GET, leitura pesada) 1-422
2026-09-09 22:14:25,469 INFO o.a.j.t.JMeterThread: Stopping because end time detected by thread: Cenario 1 - Listar Comandas (GET, leitura pesada) 1-427
2026-09-09 22:14:25,469 INFO o.a.j.t.JMeterThread: Thread finished: Cenario 1 - Listar Comandas (GET, leitura pesada) 1-427
2026-09-09 22:14:25,471 INFO o.a.j.t.JMeterThread: Stopping because end time detected by thread: Cenario 1 - Listar Comandas (GET, leitura pesada) 1-19
2026-09-09 22:14:25,472 INFO o.a.j.t.JMeterThread: Thread finished: Cenario 1 - Listar Comandas (GET, leitura pesada) 1-19
2026-09-09 22:14:25,491 INFO o.a.j.t.JMeterThread: Stopping because end time detected by thread: Cenario 1 - Listar Comandas (GET, leitura pesada) 1-2
2026-09-09 22:14:25,492 INFO o.a.j.t.JMeterThread: Thread finished: Cenario 1 - Listar Comandas (GET, leitura pesada) 1-2
2026-09-09 22:14:25,496 INFO o.a.j.t.JMeterThread: Stopping because end time detected by thread: Cenario 1 - Listar Comandas (GET, leitura pesada) 1-17
2026-09-09 22:14:25,496 INFO o.a.j.t.JMeterThread: Thread finished: Cenario 1 - Listar Comandas (GET, leitura pesada) 1-17
2026-09-09 22:14:25,523 INFO o.a.j.t.JMeterThread: Stopping because end time detected by thread: Cenario 1 - Listar Comandas (GET, leitura pesada) 1-431
2026-09-09 22:14:25,523 INFO o.a.j.t.JMeterThread: Thread finished: Cenario 1 - Listar Comandas (GET, leitura pesada) 1-431
2026-09-09 22:14:25,525 INFO o.a.j.t.JMeterThread: Stopping because end time detected by thread: Cenario 1 - Listar Comandas (GET, leitura pesada) 1-426
2026-09-09 22:14:25,525 INFO o.a.j.t.JMeterThread: Thread finished: Cenario 1 - Listar Comandas (GET, leitura pesada) 1-426
2026-09-09 22:14:25,538 INFO o.a.j.t.JMeterThread: Stopping because end time detected by thread: Cenario 1 - Listar Comandas (GET, leitura pesada) 1-227
2026-09-09 22:14:25,538 INFO o.a.j.t.JMeterThread: Thread finished: Cenario 1 - Listar Comandas (GET, leitura pesada) 1-227
2026-09-09 22:14:25,538 INFO o.a.j.t.JMeterThread: Stopping because end time detected by thread: Cenario 1 - Listar Comandas (GET, leitura pesada) 1-429
2026-09-09 22:14:25,538 INFO o.a.j.t.JMeterThread: Thread finished: Cenario 1 - Listar Comandas (GET, leitura pesada) 1-429
2026-09-09 22:14:25,571 INFO o.a.j.t.JMeterThread: Stopping because end time detected by thread: Cenario 1 - Listar Comandas (GET, leitura pesada) 1-150
2026-09-09 22:14:25,571 INFO o.a.j.t.JMeterThread: Thread finished: Cenario 1 - Listar Comandas (GET, leitura pesada) 1-150
2026-09-09 22:14:25,622 INFO o.a.j.t.JMeterThread: Stopping because end time detected by thread: Cenario 1 - Listar Comandas (GET, leitura pesada) 1-236
2026-09-09 22:14:25,622 INFO o.a.j.t.JMeterThread: Thread finished: Cenario 1 - Listar Comandas (GET, leitura pesada) 1-236
2026-09-09 22:14:25,672 INFO o.a.j.t.JMeterThread: Stopping because end time detected by thread: Cenario 1 - Listar Comandas (GET, leitura pesada) 1-308
2026-09-09 22:14:25,672 INFO o.a.j.t.JMeterThread: Thread finished: Cenario 1 - Listar Comandas (GET, leitura pesada) 1-308
2026-09-09 22:14:25,677 INFO o.a.j.t.JMeterThread: Stopping because end time detected by thread: Cenario 1 - Listar Comandas (GET, leitura pesada) 1-434
2026-09-09 22:14:25,677 INFO o.a.j.t.JMeterThread: Thread finished: Cenario 1 - Listar Comandas (GET, leitura pesada) 1-434
2026-09-09 22:14:25,688 INFO o.a.j.t.JMeterThread: Stopping because end time detected by thread: Cenario 1 - Listar Comandas (GET, leitura pesada) 1-433
2026-09-09 22:14:25,689 INFO o.a.j.t.JMeterThread: Thread finished: Cenario 1 - Listar Comandas (GET, leitura pesada) 1-433
2026-09-09 22:14:25,694 INFO o.a.j.t.JMeterThread: Stopping because end time detected by thread: Cenario 1 - Listar Comandas (GET, leitura pesada) 1-153
2026-09-09 22:14:25,694 INFO o.a.j.t.JMeterThread: Thread finished: Cenario 1 - Listar Comandas (GET, leitura pesada) 1-153
2026-09-09 22:14:25,715 INFO o.a.j.t.JMeterThread: Stopping because end time detected by thread: Cenario 1 - Listar Comandas (GET, leitura pesada) 1-234
2026-09-09 22:14:25,715 INFO o.a.j.t.JMeterThread: Thread finished: Cenario 1 - Listar Comandas (GET, leitura pesada) 1-234
2026-09-09 22:14:25,720 INFO o.a.j.t.JMeterThread: Stopping because end time detected by thread: Cenario 1 - Listar Comandas (GET, leitura pesada) 1-86
2026-09-09 22:14:25,720 INFO o.a.j.t.JMeterThread: Thread finished: Cenario 1 - Listar Comandas (GET, leitura pesada) 1-86
2026-09-09 22:14:25,726 INFO o.a.j.t.JMeterThread: Stopping because end time detected by thread: Cenario 1 - Listar Comandas (GET, leitura pesada) 1-84
2026-09-09 22:14:25,726 INFO o.a.j.t.JMeterThread: Thread finished: Cenario 1 - Listar Comandas (GET, leitura pesada) 1-84
2026-09-09 22:14:25,729 INFO o.a.j.t.JMeterThread: Stopping because end time detected by thread: Cenario 1 - Listar Comandas (GET, leitura pesada) 1-82
2026-09-09 22:14:25,729 INFO o.a.j.t.JMeterThread: Thread finished: Cenario 1 - Listar Comandas (GET, leitura pesada) 1-82
2026-09-09 22:14:25,761 INFO o.a.j.t.JMeterThread: Stopping because end time detected by thread: Cenario 1 - Listar Comandas (GET, leitura pesada) 1-437
2026-09-09 22:14:25,761 INFO o.a.j.t.JMeterThread: Thread finished: Cenario 1 - Listar Comandas (GET, leitura pesada) 1-437
2026-09-09 22:14:25,796 INFO o.a.j.t.JMeterThread: Stopping because end time detected by thread: Cenario 1 - Listar Comandas (GET, leitura pesada) 1-388
2026-09-09 22:14:25,796 INFO o.a.j.t.JMeterThread: Thread finished: Cenario 1 - Listar Comandas (GET, leitura pesada) 1-388
2026-09-09 22:14:25,808 INFO o.a.j.t.JMeterThread: Stopping because end time detected by thread: Cenario 1 - Listar Comandas (GET, leitura pesada) 1-440
2026-09-09 22:14:25,808 INFO o.a.j.t.JMeterThread: Thread finished: Cenario 1 - Listar Comandas (GET, leitura pesada) 1-440
2026-09-09 22:14:25,845 INFO o.a.j.t.JMeterThread: Stopping because end time detected by thread: Cenario 1 - Listar Comandas (GET, leitura pesada) 1-156
2026-09-09 22:14:25,845 INFO o.a.j.t.JMeterThread: Thread finished: Cenario 1 - Listar Comandas (GET, leitura pesada) 1-156
2026-09-09 22:14:25,854 INFO o.a.j.t.JMeterThread: Stopping because end time detected by thread: Cenario 1 - Listar Comandas (GET, leitura pesada) 1-242
2026-09-09 22:14:25,854 INFO o.a.j.t.JMeterThread: Thread finished: Cenario 1 - Listar Comandas (GET, leitura pesada) 1-242
2026-09-09 22:14:25,860 INFO o.a.j.t.JMeterThread: Stopping because end time detected by thread: Cenario 1 - Listar Comandas (GET, leitura pesada) 1-402
2026-09-09 22:14:25,860 INFO o.a.j.t.JMeterThread: Thread finished: Cenario 1 - Listar Comandas (GET, leitura pesada) 1-402
2026-09-09 22:14:25,866 INFO o.a.j.t.JMeterThread: Stopping because end time detected by thread: Cenario 1 - Listar Comandas (GET, leitura pesada) 1-443
2026-09-09 22:14:25,867 INFO o.a.j.t.JMeterThread: Thread finished: Cenario 1 - Listar Comandas (GET, leitura pesada) 1-443
2026-09-09 22:14:25,896 INFO o.a.j.t.JMeterThread: Stopping because end time detected by thread: Cenario 1 - Listar Comandas (GET, leitura pesada) 1-158
2026-09-09 22:14:25,896 INFO o.a.j.t.JMeterThread: Thread finished: Cenario 1 - Listar Comandas (GET, leitura pesada) 1-158
2026-09-09 22:14:25,908 INFO o.a.j.t.JMeterThread: Stopping because end time detected by thread: Cenario 1 - Listar Comandas (GET, leitura pesada) 1-445
2026-09-09 22:14:25,908 INFO o.a.j.t.JMeterThread: Thread finished: Cenario 1 - Listar Comandas (GET, leitura pesada) 1-445
2026-09-09 22:14:25,929 INFO o.a.j.t.JMeterThread: Stopping because end time detected by thread: Cenario 1 - Listar Comandas (GET, leitura pesada) 1-441
2026-09-09 22:14:25,929 INFO o.a.j.t.JMeterThread: Thread finished: Cenario 1 - Listar Comandas (GET, leitura pesada) 1-441
2026-09-09 22:14:25,935 INFO o.a.j.t.JMeterThread: Stopping because end time detected by thread: Cenario 1 - Listar Comandas (GET, leitura pesada) 1-146
2026-09-09 22:14:25,935 INFO o.a.j.t.JMeterThread: Thread finished: Cenario 1 - Listar Comandas (GET, leitura pesada) 1-146
2026-09-09 22:14:25,935 INFO o.a.j.t.JMeterThread: Stopping because end time detected by thread: Cenario 1 - Listar Comandas (GET, leitura pesada) 1-199
2026-09-09 22:14:25,936 INFO o.a.j.t.JMeterThread: Thread finished: Cenario 1 - Listar Comandas (GET, leitura pesada) 1-199
2026-09-09 22:14:25,950 INFO o.a.j.t.JMeterThread: Stopping because end time detected by thread: Cenario 1 - Listar Comandas (GET, leitura pesada) 1-444
2026-09-09 22:14:25,950 INFO o.a.j.t.JMeterThread: Thread finished: Cenario 1 - Listar Comandas (GET, leitura pesada) 1-444
2026-09-09 22:14:26,003 INFO o.a.j.t.JMeterThread: Stopping because end time detected by thread: Cenario 1 - Listar Comandas (GET, leitura pesada) 1-72
2026-09-09 22:14:26,003 INFO o.a.j.t.JMeterThread: Thread finished: Cenario 1 - Listar Comandas (GET, leitura pesada) 1-72
2026-09-09 22:14:26,044 INFO o.a.j.t.JMeterThread: Stopping because end time detected by thread: Cenario 1 - Listar Comandas (GET, leitura pesada) 1-400
2026-09-09 22:14:26,044 INFO o.a.j.t.JMeterThread: Thread finished: Cenario 1 - Listar Comandas (GET, leitura pesada) 1-400
2026-09-09 22:14:26,047 INFO o.a.j.t.JMeterThread: Stopping because end time detected by thread: Cenario 1 - Listar Comandas (GET, leitura pesada) 1-442
2026-09-09 22:14:26,048 INFO o.a.j.t.JMeterThread: Thread finished: Cenario 1 - Listar Comandas (GET, leitura pesada) 1-442
2026-09-09 22:14:26,054 INFO o.a.j.t.JMeterThread: Stopping because end time detected by thread: Cenario 1 - Listar Comandas (GET, leitura pesada) 1-144
2026-09-09 22:14:26,054 INFO o.a.j.t.JMeterThread: Thread finished: Cenario 1 - Listar Comandas (GET, leitura pesada) 1-144
2026-09-09 22:14:26,057 INFO o.a.j.t.JMeterThread: Stopping because end time detected by thread: Cenario 1 - Listar Comandas (GET, leitura pesada) 1-52
2026-09-09 22:14:26,057 INFO o.a.j.t.JMeterThread: Thread finished: Cenario 1 - Listar Comandas (GET, leitura pesada) 1-52
2026-09-09 22:14:26,093 INFO o.a.j.t.JMeterThread: Stopping because end time detected by thread: Cenario 1 - Listar Comandas (GET, leitura pesada) 1-159
2026-09-09 22:14:26,093 INFO o.a.j.t.JMeterThread: Thread finished: Cenario 1 - Listar Comandas (GET, leitura pesada) 1-159
2026-09-09 22:14:26,093 INFO o.a.j.t.JMeterThread: Stopping because end time detected by thread: Cenario 1 - Listar Comandas (GET, leitura pesada) 1-448
2026-09-09 22:14:26,093 INFO o.a.j.t.JMeterThread: Thread finished: Cenario 1 - Listar Comandas (GET, leitura pesada) 1-448
2026-09-09 22:14:26,114 INFO o.a.j.t.JMeterThread: Stopping because end time detected by thread: Cenario 1 - Listar Comandas (GET, leitura pesada) 1-449
2026-09-09 22:14:26,114 INFO o.a.j.t.JMeterThread: Thread finished: Cenario 1 - Listar Comandas (GET, leitura pesada) 1-449
2026-09-09 22:14:26,123 INFO o.a.j.t.JMeterThread: Stopping because end time detected by thread: Cenario 1 - Listar Comandas (GET, leitura pesada) 1-29
2026-09-09 22:14:26,123 INFO o.a.j.t.JMeterThread: Thread finished: Cenario 1 - Listar Comandas (GET, leitura pesada) 1-29
2026-09-09 22:14:26,127 INFO o.a.j.t.JMeterThread: Stopping because end time detected by thread: Cenario 1 - Listar Comandas (GET, leitura pesada) 1-446
2026-09-09 22:14:26,127 INFO o.a.j.t.JMeterThread: Thread finished: Cenario 1 - Listar Comandas (GET, leitura pesada) 1-446
2026-09-09 22:14:26,176 INFO o.a.j.t.JMeterThread: Stopping because end time detected by thread: Cenario 1 - Listar Comandas (GET, leitura pesada) 1-451
2026-09-09 22:14:26,176 INFO o.a.j.t.JMeterThread: Thread finished: Cenario 1 - Listar Comandas (GET, leitura pesada) 1-451
2026-09-09 22:14:26,226 INFO o.a.j.t.JMeterThread: Stopping because end time detected by thread: Cenario 1 - Listar Comandas (GET, leitura pesada) 1-452
2026-09-09 22:14:26,226 INFO o.a.j.t.JMeterThread: Thread finished: Cenario 1 - Listar Comandas (GET, leitura pesada) 1-452
2026-09-09 22:14:26,234 INFO o.a.j.t.JMeterThread: Stopping because end time detected by thread: Cenario 1 - Listar Comandas (GET, leitura pesada) 1-450
2026-09-09 22:14:26,234 INFO o.a.j.t.JMeterThread: Thread finished: Cenario 1 - Listar Comandas (GET, leitura pesada) 1-450
2026-09-09 22:14:26,239 INFO o.a.j.t.JMeterThread: Stopping because end time detected by thread: Cenario 1 - Listar Comandas (GET, leitura pesada) 1-255
2026-09-09 22:14:26,239 INFO o.a.j.t.JMeterThread: Thread finished: Cenario 1 - Listar Comandas (GET, leitura pesada) 1-255
2026-09-09 22:14:26,240 INFO o.a.j.t.JMeterThread: Stopping because end time detected by thread: Cenario 1 - Listar Comandas (GET, leitura pesada) 1-249
2026-09-09 22:14:26,241 INFO o.a.j.t.JMeterThread: Thread finished: Cenario 1 - Listar Comandas (GET, leitura pesada) 1-249
2026-09-09 22:14:26,270 INFO o.a.j.t.JMeterThread: Stopping because end time detected by thread: Cenario 1 - Listar Comandas (GET, leitura pesada) 1-453
2026-09-09 22:14:26,270 INFO o.a.j.t.JMeterThread: Thread finished: Cenario 1 - Listar Comandas (GET, leitura pesada) 1-453
2026-09-09 22:14:26,279 INFO o.a.j.t.JMeterThread: Stopping because end time detected by thread: Cenario 1 - Listar Comandas (GET, leitura pesada) 1-413
2026-09-09 22:14:26,279 INFO o.a.j.t.JMeterThread: Thread finished: Cenario 1 - Listar Comandas (GET, leitura pesada) 1-413
2026-09-09 22:14:26,282 INFO o.a.j.t.JMeterThread: Stopping because end time detected by thread: Cenario 1 - Listar Comandas (GET, leitura pesada) 1-33
2026-09-09 22:14:26,282 INFO o.a.j.t.JMeterThread: Thread finished: Cenario 1 - Listar Comandas (GET, leitura pesada) 1-33
2026-09-09 22:14:26,298 INFO o.a.j.t.JMeterThread: Stopping because end time detected by thread: Cenario 1 - Listar Comandas (GET, leitura pesada) 1-412
2026-09-09 22:14:26,298 INFO o.a.j.t.JMeterThread: Thread finished: Cenario 1 - Listar Comandas (GET, leitura pesada) 1-412
2026-09-09 22:14:26,305 INFO o.a.j.t.JMeterThread: Stopping because end time detected by thread: Cenario 1 - Listar Comandas (GET, leitura pesada) 1-20
2026-09-09 22:14:26,305 INFO o.a.j.t.JMeterThread: Thread finished: Cenario 1 - Listar Comandas (GET, leitura pesada) 1-20
2026-09-09 22:14:26,353 INFO o.a.j.t.JMeterThread: Stopping because end time detected by thread: Cenario 1 - Listar Comandas (GET, leitura pesada) 1-415
2026-09-09 22:14:26,353 INFO o.a.j.t.JMeterThread: Thread finished: Cenario 1 - Listar Comandas (GET, leitura pesada) 1-415
2026-09-09 22:14:26,387 INFO o.a.j.t.JMeterThread: Stopping because end time detected by thread: Cenario 1 - Listar Comandas (GET, leitura pesada) 1-455
2026-09-09 22:14:26,388 INFO o.a.j.t.JMeterThread: Thread finished: Cenario 1 - Listar Comandas (GET, leitura pesada) 1-455
2026-09-09 22:14:26,396 INFO o.a.j.t.JMeterThread: Stopping because end time detected by thread: Cenario 1 - Listar Comandas (GET, leitura pesada) 1-1
2026-09-09 22:14:26,396 INFO o.a.j.t.JMeterThread: Thread finished: Cenario 1 - Listar Comandas (GET, leitura pesada) 1-1
2026-09-09 22:14:26,400 INFO o.a.j.t.JMeterThread: Stopping because end time detected by thread: Cenario 1 - Listar Comandas (GET, leitura pesada) 1-456
2026-09-09 22:14:26,400 INFO o.a.j.t.JMeterThread: Thread finished: Cenario 1 - Listar Comandas (GET, leitura pesada) 1-456
2026-09-09 22:14:26,402 INFO o.a.j.t.JMeterThread: Stopping because end time detected by thread: Cenario 1 - Listar Comandas (GET, leitura pesada) 1-458
2026-09-09 22:14:26,402 INFO o.a.j.t.JMeterThread: Thread finished: Cenario 1 - Listar Comandas (GET, leitura pesada) 1-458
2026-09-09 22:14:26,442 INFO o.a.j.t.JMeterThread: Stopping because end time detected by thread: Cenario 1 - Listar Comandas (GET, leitura pesada) 1-165
2026-09-09 22:14:26,442 INFO o.a.j.t.JMeterThread: Thread finished: Cenario 1 - Listar Comandas (GET, leitura pesada) 1-165
2026-09-09 22:14:26,453 INFO o.a.j.t.JMeterThread: Stopping because end time detected by thread: Cenario 1 - Listar Comandas (GET, leitura pesada) 1-161
2026-09-09 22:14:26,453 INFO o.a.j.t.JMeterThread: Thread finished: Cenario 1 - Listar Comandas (GET, leitura pesada) 1-161
2026-09-09 22:14:26,454 INFO o.a.j.t.JMeterThread: Stopping because end time detected by thread: Cenario 1 - Listar Comandas (GET, leitura pesada) 1-457
2026-09-09 22:14:26,454 INFO o.a.j.t.JMeterThread: Thread finished: Cenario 1 - Listar Comandas (GET, leitura pesada) 1-457
2026-09-09 22:14:26,472 INFO o.a.j.t.JMeterThread: Stopping because end time detected by thread: Cenario 1 - Listar Comandas (GET, leitura pesada) 1-148
2026-09-09 22:14:26,473 INFO o.a.j.t.JMeterThread: Thread finished: Cenario 1 - Listar Comandas (GET, leitura pesada) 1-148
2026-09-09 22:14:26,473 INFO o.a.j.t.JMeterThread: Stopping because end time detected by thread: Cenario 1 - Listar Comandas (GET, leitura pesada) 1-459
2026-09-09 22:14:26,474 INFO o.a.j.t.JMeterThread: Thread finished: Cenario 1 - Listar Comandas (GET, leitura pesada) 1-459
2026-09-09 22:14:26,503 INFO o.a.j.t.JMeterThread: Stopping because end time detected by thread: Cenario 1 - Listar Comandas (GET, leitura pesada) 1-416
2026-09-09 22:14:26,503 INFO o.a.j.t.JMeterThread: Thread finished: Cenario 1 - Listar Comandas (GET, leitura pesada) 1-416
2026-09-09 22:14:26,542 INFO o.a.j.t.JMeterThread: Stopping because end time detected by thread: Cenario 1 - Listar Comandas (GET, leitura pesada) 1-36
2026-09-09 22:14:26,542 INFO o.a.j.t.JMeterThread: Thread finished: Cenario 1 - Listar Comandas (GET, leitura pesada) 1-36
2026-09-09 22:14:26,570 INFO o.a.j.t.JMeterThread: Stopping because end time detected by thread: Cenario 1 - Listar Comandas (GET, leitura pesada) 1-92
2026-09-09 22:14:26,570 INFO o.a.j.t.JMeterThread: Thread finished: Cenario 1 - Listar Comandas (GET, leitura pesada) 1-92
2026-09-09 22:14:26,575 INFO o.a.j.t.JMeterThread: Stopping because end time detected by thread: Cenario 1 - Listar Comandas (GET, leitura pesada) 1-461
2026-09-09 22:14:26,575 INFO o.a.j.t.JMeterThread: Thread finished: Cenario 1 - Listar Comandas (GET, leitura pesada) 1-461
2026-09-09 22:14:26,585 INFO o.a.j.t.JMeterThread: Stopping because end time detected by thread: Cenario 1 - Listar Comandas (GET, leitura pesada) 1-463
2026-09-09 22:14:26,586 INFO o.a.j.t.JMeterThread: Thread finished: Cenario 1 - Listar Comandas (GET, leitura pesada) 1-463
2026-09-09 22:14:26,592 INFO o.a.j.t.JMeterThread: Stopping because end time detected by thread: Cenario 1 - Listar Comandas (GET, leitura pesada) 1-460
2026-09-09 22:14:26,592 INFO o.a.j.t.JMeterThread: Thread finished: Cenario 1 - Listar Comandas (GET, leitura pesada) 1-460
2026-09-09 22:14:26,631 INFO o.a.j.t.JMeterThread: Stopping because end time detected by thread: Cenario 1 - Listar Comandas (GET, leitura pesada) 1-466
2026-09-09 22:14:26,631 INFO o.a.j.t.JMeterThread: Thread finished: Cenario 1 - Listar Comandas (GET, leitura pesada) 1-466
2026-09-09 22:14:26,639 INFO o.a.j.t.JMeterThread: Stopping because end time detected by thread: Cenario 1 - Listar Comandas (GET, leitura pesada) 1-465
2026-09-09 22:14:26,639 INFO o.a.j.t.JMeterThread: Thread finished: Cenario 1 - Listar Comandas (GET, leitura pesada) 1-465
2026-09-09 22:14:26,646 INFO o.a.j.t.JMeterThread: Stopping because end time detected by thread: Cenario 1 - Listar Comandas (GET, leitura pesada) 1-467
2026-09-09 22:14:26,646 INFO o.a.j.t.JMeterThread: Thread finished: Cenario 1 - Listar Comandas (GET, leitura pesada) 1-467
2026-09-09 22:14:26,650 INFO o.a.j.t.JMeterThread: Stopping because end time detected by thread: Cenario 1 - Listar Comandas (GET, leitura pesada) 1-55
2026-09-09 22:14:26,650 INFO o.a.j.t.JMeterThread: Thread finished: Cenario 1 - Listar Comandas (GET, leitura pesada) 1-55
2026-09-09 22:14:26,660 INFO o.a.j.t.JMeterThread: Stopping because end time detected by thread: Cenario 1 - Listar Comandas (GET, leitura pesada) 1-464
2026-09-09 22:14:26,661 INFO o.a.j.t.JMeterThread: Thread finished: Cenario 1 - Listar Comandas (GET, leitura pesada) 1-464
2026-09-09 22:14:26,715 INFO o.a.j.t.JMeterThread: Stopping because end time detected by thread: Cenario 1 - Listar Comandas (GET, leitura pesada) 1-468
2026-09-09 22:14:26,717 INFO o.a.j.t.JMeterThread: Thread finished: Cenario 1 - Listar Comandas (GET, leitura pesada) 1-468
2026-09-09 22:14:26,749 INFO o.a.j.t.JMeterThread: Stopping because end time detected by thread: Cenario 1 - Listar Comandas (GET, leitura pesada) 1-471
2026-09-09 22:14:26,749 INFO o.a.j.t.JMeterThread: Thread finished: Cenario 1 - Listar Comandas (GET, leitura pesada) 1-471
2026-09-09 22:14:26,750 INFO o.a.j.t.JMeterThread: Stopping because end time detected by thread: Cenario 1 - Listar Comandas (GET, leitura pesada) 1-421
2026-09-09 22:14:26,750 INFO o.a.j.t.JMeterThread: Thread finished: Cenario 1 - Listar Comandas (GET, leitura pesada) 1-421
2026-09-09 22:14:26,762 INFO o.a.j.t.JMeterThread: Stopping because end time detected by thread: Cenario 1 - Listar Comandas (GET, leitura pesada) 1-233
2026-09-09 22:14:26,762 INFO o.a.j.t.JMeterThread: Thread finished: Cenario 1 - Listar Comandas (GET, leitura pesada) 1-233
2026-09-09 22:14:26,773 INFO o.a.j.t.JMeterThread: Stopping because end time detected by thread: Cenario 1 - Listar Comandas (GET, leitura pesada) 1-428
2026-09-09 22:14:26,774 INFO o.a.j.t.JMeterThread: Thread finished: Cenario 1 - Listar Comandas (GET, leitura pesada) 1-428
2026-09-09 22:14:26,803 INFO o.a.j.t.JMeterThread: Stopping because end time detected by thread: Cenario 1 - Listar Comandas (GET, leitura pesada) 1-470
2026-09-09 22:14:26,803 INFO o.a.j.t.JMeterThread: Thread finished: Cenario 1 - Listar Comandas (GET, leitura pesada) 1-470
2026-09-09 22:14:26,826 INFO o.a.j.t.JMeterThread: Stopping because end time detected by thread: Cenario 1 - Listar Comandas (GET, leitura pesada) 1-152
2026-09-09 22:14:26,826 INFO o.a.j.t.JMeterThread: Thread finished: Cenario 1 - Listar Comandas (GET, leitura pesada) 1-152
2026-09-09 22:14:26,827 INFO o.a.j.t.JMeterThread: Stopping because end time detected by thread: Cenario 1 - Listar Comandas (GET, leitura pesada) 1-436
2026-09-09 22:14:26,827 INFO o.a.j.t.JMeterThread: Thread finished: Cenario 1 - Listar Comandas (GET, leitura pesada) 1-436
2026-09-09 22:14:26,834 INFO o.a.j.t.JMeterThread: Stopping because end time detected by thread: Cenario 1 - Listar Comandas (GET, leitura pesada) 1-166
2026-09-09 22:14:26,834 INFO o.a.j.t.JMeterThread: Thread finished: Cenario 1 - Listar Comandas (GET, leitura pesada) 1-166
2026-09-09 22:14:26,848 INFO o.a.j.t.JMeterThread: Stopping because end time detected by thread: Cenario 1 - Listar Comandas (GET, leitura pesada) 1-469
2026-09-09 22:14:26,848 INFO o.a.j.t.JMeterThread: Thread finished: Cenario 1 - Listar Comandas (GET, leitura pesada) 1-469
2026-09-09 22:14:26,905 INFO o.a.j.t.JMeterThread: Stopping because end time detected by thread: Cenario 1 - Listar Comandas (GET, leitura pesada) 1-167
2026-09-09 22:14:26,905 INFO o.a.j.t.JMeterThread: Thread finished: Cenario 1 - Listar Comandas (GET, leitura pesada) 1-167
2026-09-09 22:14:26,928 INFO o.a.j.t.JMeterThread: Stopping because end time detected by thread: Cenario 1 - Listar Comandas (GET, leitura pesada) 1-147
2026-09-09 22:14:26,928 INFO o.a.j.t.JMeterThread: Thread finished: Cenario 1 - Listar Comandas (GET, leitura pesada) 1-147
2026-09-09 22:14:26,934 INFO o.a.j.t.JMeterThread: Stopping because end time detected by thread: Cenario 1 - Listar Comandas (GET, leitura pesada) 1-57
2026-09-09 22:14:26,934 INFO o.a.j.t.JMeterThread: Thread finished: Cenario 1 - Listar Comandas (GET, leitura pesada) 1-57
2026-09-09 22:14:26,948 INFO o.a.j.t.JMeterThread: Stopping because end time detected by thread: Cenario 1 - Listar Comandas (GET, leitura pesada) 1-473
2026-09-09 22:14:26,948 INFO o.a.j.t.JMeterThread: Thread finished: Cenario 1 - Listar Comandas (GET, leitura pesada) 1-473
2026-09-09 22:14:26,955 INFO o.a.j.t.JMeterThread: Stopping because end time detected by thread: Cenario 1 - Listar Comandas (GET, leitura pesada) 1-280
2026-09-09 22:14:26,955 INFO o.a.j.t.JMeterThread: Thread finished: Cenario 1 - Listar Comandas (GET, leitura pesada) 1-280
2026-09-09 22:14:26,977 INFO o.a.j.t.JMeterThread: Stopping because end time detected by thread: Cenario 1 - Listar Comandas (GET, leitura pesada) 1-59
2026-09-09 22:14:26,977 INFO o.a.j.t.JMeterThread: Thread finished: Cenario 1 - Listar Comandas (GET, leitura pesada) 1-59
2026-09-09 22:14:27,001 INFO o.a.j.t.JMeterThread: Stopping because end time detected by thread: Cenario 1 - Listar Comandas (GET, leitura pesada) 1-474
2026-09-09 22:14:27,001 INFO o.a.j.t.JMeterThread: Thread finished: Cenario 1 - Listar Comandas (GET, leitura pesada) 1-474
2026-09-09 22:14:27,003 INFO o.a.j.t.JMeterThread: Stopping because end time detected by thread: Cenario 1 - Listar Comandas (GET, leitura pesada) 1-438
2026-09-09 22:14:27,003 INFO o.a.j.t.JMeterThread: Thread finished: Cenario 1 - Listar Comandas (GET, leitura pesada) 1-438
2026-09-09 22:14:27,012 INFO o.a.j.t.JMeterThread: Stopping because end time detected by thread: Cenario 1 - Listar Comandas (GET, leitura pesada) 1-155
2026-09-09 22:14:27,012 INFO o.a.j.t.JMeterThread: Thread finished: Cenario 1 - Listar Comandas (GET, leitura pesada) 1-155
2026-09-09 22:14:27,016 INFO o.a.j.t.JMeterThread: Stopping because end time detected by thread: Cenario 1 - Listar Comandas (GET, leitura pesada) 1-58
2026-09-09 22:14:27,016 INFO o.a.j.t.JMeterThread: Thread finished: Cenario 1 - Listar Comandas (GET, leitura pesada) 1-58
2026-09-09 22:14:27,074 INFO o.a.j.t.JMeterThread: Stopping because end time detected by thread: Cenario 1 - Listar Comandas (GET, leitura pesada) 1-475
2026-09-09 22:14:27,074 INFO o.a.j.t.JMeterThread: Thread finished: Cenario 1 - Listar Comandas (GET, leitura pesada) 1-475
2026-09-09 22:14:27,095 INFO o.a.j.t.JMeterThread: Stopping because end time detected by thread: Cenario 1 - Listar Comandas (GET, leitura pesada) 1-60
2026-09-09 22:14:27,095 INFO o.a.j.t.JMeterThread: Thread finished: Cenario 1 - Listar Comandas (GET, leitura pesada) 1-60
2026-09-09 22:14:27,107 INFO o.a.j.t.JMeterThread: Stopping because end time detected by thread: Cenario 1 - Listar Comandas (GET, leitura pesada) 1-476
2026-09-09 22:14:27,108 INFO o.a.j.t.JMeterThread: Thread finished: Cenario 1 - Listar Comandas (GET, leitura pesada) 1-476
2026-09-09 22:14:27,129 INFO o.a.j.t.JMeterThread: Stopping because end time detected by thread: Cenario 1 - Listar Comandas (GET, leitura pesada) 1-395
2026-09-09 22:14:27,129 INFO o.a.j.t.JMeterThread: Thread finished: Cenario 1 - Listar Comandas (GET, leitura pesada) 1-395
2026-09-09 22:14:27,135 INFO o.a.j.t.JMeterThread: Stopping because end time detected by thread: Cenario 1 - Listar Comandas (GET, leitura pesada) 1-169
2026-09-09 22:14:27,135 INFO o.a.j.t.JMeterThread: Thread finished: Cenario 1 - Listar Comandas (GET, leitura pesada) 1-169
2026-09-09 22:14:27,160 INFO o.a.j.t.JMeterThread: Stopping because end time detected by thread: Cenario 1 - Listar Comandas (GET, leitura pesada) 1-481
2026-09-09 22:14:27,160 INFO o.a.j.t.JMeterThread: Thread finished: Cenario 1 - Listar Comandas (GET, leitura pesada) 1-481
2026-09-09 22:14:27,177 INFO o.a.j.t.JMeterThread: Stopping because end time detected by thread: Cenario 1 - Listar Comandas (GET, leitura pesada) 1-478
2026-09-09 22:14:27,177 INFO o.a.j.t.JMeterThread: Thread finished: Cenario 1 - Listar Comandas (GET, leitura pesada) 1-478
2026-09-09 22:14:27,186 INFO o.a.j.t.JMeterThread: Stopping because end time detected by thread: Cenario 1 - Listar Comandas (GET, leitura pesada) 1-477
2026-09-09 22:14:27,187 INFO o.a.j.t.JMeterThread: Thread finished: Cenario 1 - Listar Comandas (GET, leitura pesada) 1-477
2026-09-09 22:14:27,197 INFO o.a.j.t.JMeterThread: Stopping because end time detected by thread: Cenario 1 - Listar Comandas (GET, leitura pesada) 1-483
2026-09-09 22:14:27,197 INFO o.a.j.t.JMeterThread: Thread finished: Cenario 1 - Listar Comandas (GET, leitura pesada) 1-483
2026-09-09 22:14:27,201 INFO o.a.j.t.JMeterThread: Stopping because end time detected by thread: Cenario 1 - Listar Comandas (GET, leitura pesada) 1-168
2026-09-09 22:14:27,201 INFO o.a.j.t.JMeterThread: Thread finished: Cenario 1 - Listar Comandas (GET, leitura pesada) 1-168
2026-09-09 22:14:27,258 INFO o.a.j.t.JMeterThread: Stopping because end time detected by thread: Cenario 1 - Listar Comandas (GET, leitura pesada) 1-480
2026-09-09 22:14:27,258 INFO o.a.j.t.JMeterThread: Thread finished: Cenario 1 - Listar Comandas (GET, leitura pesada) 1-480
2026-09-09 22:14:27,285 INFO o.a.j.t.JMeterThread: Stopping because end time detected by thread: Cenario 1 - Listar Comandas (GET, leitura pesada) 1-482
2026-09-09 22:14:27,285 INFO o.a.j.t.JMeterThread: Thread finished: Cenario 1 - Listar Comandas (GET, leitura pesada) 1-482
2026-09-09 22:14:27,304 INFO o.a.j.t.JMeterThread: Stopping because end time detected by thread: Cenario 1 - Listar Comandas (GET, leitura pesada) 1-486
2026-09-09 22:14:27,304 INFO o.a.j.t.JMeterThread: Thread finished: Cenario 1 - Listar Comandas (GET, leitura pesada) 1-486
2026-09-09 22:14:27,307 INFO o.a.j.t.JMeterThread: Stopping because end time detected by thread: Cenario 1 - Listar Comandas (GET, leitura pesada) 1-479
2026-09-09 22:14:27,307 INFO o.a.j.t.JMeterThread: Thread finished: Cenario 1 - Listar Comandas (GET, leitura pesada) 1-479
2026-09-09 22:14:27,327 INFO o.a.j.t.JMeterThread: Stopping because end time detected by thread: Cenario 1 - Listar Comandas (GET, leitura pesada) 1-485
2026-09-09 22:14:27,327 INFO o.a.j.t.JMeterThread: Thread finished: Cenario 1 - Listar Comandas (GET, leitura pesada) 1-485
2026-09-09 22:14:27,332 INFO o.a.j.t.JMeterThread: Stopping because end time detected by thread: Cenario 1 - Listar Comandas (GET, leitura pesada) 1-170
2026-09-09 22:14:27,332 INFO o.a.j.t.JMeterThread: Thread finished: Cenario 1 - Listar Comandas (GET, leitura pesada) 1-170
2026-09-09 22:14:27,370 INFO o.a.j.t.JMeterThread: Stopping because end time detected by thread: Cenario 1 - Listar Comandas (GET, leitura pesada) 1-484
2026-09-09 22:14:27,370 INFO o.a.j.t.JMeterThread: Thread finished: Cenario 1 - Listar Comandas (GET, leitura pesada) 1-484
2026-09-09 22:14:27,371 INFO o.a.j.t.JMeterThread: Stopping because end time detected by thread: Cenario 1 - Listar Comandas (GET, leitura pesada) 1-487
2026-09-09 22:14:27,371 INFO o.a.j.t.JMeterThread: Thread finished: Cenario 1 - Listar Comandas (GET, leitura pesada) 1-487
2026-09-09 22:14:27,392 INFO o.a.j.t.JMeterThread: Stopping because end time detected by thread: Cenario 1 - Listar Comandas (GET, leitura pesada) 1-171
2026-09-09 22:14:27,393 INFO o.a.j.t.JMeterThread: Thread finished: Cenario 1 - Listar Comandas (GET, leitura pesada) 1-171
2026-09-09 22:14:27,400 INFO o.a.j.t.JMeterThread: Stopping because end time detected by thread: Cenario 1 - Listar Comandas (GET, leitura pesada) 1-488
2026-09-09 22:14:27,400 INFO o.a.j.t.JMeterThread: Thread finished: Cenario 1 - Listar Comandas (GET, leitura pesada) 1-488
2026-09-09 22:14:27,462 INFO o.a.j.t.JMeterThread: Stopping because end time detected by thread: Cenario 1 - Listar Comandas (GET, leitura pesada) 1-489
2026-09-09 22:14:27,462 INFO o.a.j.t.JMeterThread: Thread finished: Cenario 1 - Listar Comandas (GET, leitura pesada) 1-489
2026-09-09 22:14:27,469 INFO o.a.j.t.JMeterThread: Stopping because end time detected by thread: Cenario 1 - Listar Comandas (GET, leitura pesada) 1-172
2026-09-09 22:14:27,469 INFO o.a.j.t.JMeterThread: Thread finished: Cenario 1 - Listar Comandas (GET, leitura pesada) 1-172
2026-09-09 22:14:27,495 INFO o.a.j.t.JMeterThread: Stopping because end time detected by thread: Cenario 1 - Listar Comandas (GET, leitura pesada) 1-174
2026-09-09 22:14:27,495 INFO o.a.j.t.JMeterThread: Thread finished: Cenario 1 - Listar Comandas (GET, leitura pesada) 1-174
2026-09-09 22:14:27,495 INFO o.a.j.t.JMeterThread: Stopping because end time detected by thread: Cenario 1 - Listar Comandas (GET, leitura pesada) 1-491
2026-09-09 22:14:27,495 INFO o.a.j.t.JMeterThread: Thread finished: Cenario 1 - Listar Comandas (GET, leitura pesada) 1-491
2026-09-09 22:14:27,516 INFO o.a.j.t.JMeterThread: Stopping because end time detected by thread: Cenario 1 - Listar Comandas (GET, leitura pesada) 1-492
2026-09-09 22:14:27,516 INFO o.a.j.t.JMeterThread: Thread finished: Cenario 1 - Listar Comandas (GET, leitura pesada) 1-492
2026-09-09 22:14:27,524 INFO o.a.j.t.JMeterThread: Stopping because end time detected by thread: Cenario 1 - Listar Comandas (GET, leitura pesada) 1-162
2026-09-09 22:14:27,524 INFO o.a.j.t.JMeterThread: Thread finished: Cenario 1 - Listar Comandas (GET, leitura pesada) 1-162
2026-09-09 22:14:27,553 INFO o.a.j.t.JMeterThread: Stopping because end time detected by thread: Cenario 1 - Listar Comandas (GET, leitura pesada) 1-154
2026-09-09 22:14:27,553 INFO o.a.j.t.JMeterThread: Thread finished: Cenario 1 - Listar Comandas (GET, leitura pesada) 1-154
2026-09-09 22:14:27,553 INFO o.a.j.t.JMeterThread: Stopping because end time detected by thread: Cenario 1 - Listar Comandas (GET, leitura pesada) 1-163
2026-09-09 22:14:27,553 INFO o.a.j.t.JMeterThread: Thread finished: Cenario 1 - Listar Comandas (GET, leitura pesada) 1-163
2026-09-09 22:14:27,574 INFO o.a.j.t.JMeterThread: Stopping because end time detected by thread: Cenario 1 - Listar Comandas (GET, leitura pesada) 1-175
2026-09-09 22:14:27,574 INFO o.a.j.t.JMeterThread: Thread finished: Cenario 1 - Listar Comandas (GET, leitura pesada) 1-175
2026-09-09 22:14:27,576 INFO o.a.j.t.JMeterThread: Stopping because end time detected by thread: Cenario 1 - Listar Comandas (GET, leitura pesada) 1-493
2026-09-09 22:14:27,576 INFO o.a.j.t.JMeterThread: Thread finished: Cenario 1 - Listar Comandas (GET, leitura pesada) 1-493
2026-09-09 22:14:27,637 INFO o.a.j.t.JMeterThread: Stopping because end time detected by thread: Cenario 1 - Listar Comandas (GET, leitura pesada) 1-176
2026-09-09 22:14:27,637 INFO o.a.j.t.JMeterThread: Thread finished: Cenario 1 - Listar Comandas (GET, leitura pesada) 1-176
2026-09-09 22:14:27,637 INFO o.a.j.t.JMeterThread: Stopping because end time detected by thread: Cenario 1 - Listar Comandas (GET, leitura pesada) 1-177
2026-09-09 22:14:27,637 INFO o.a.j.t.JMeterThread: Thread finished: Cenario 1 - Listar Comandas (GET, leitura pesada) 1-177
2026-09-09 22:14:27,679 INFO o.a.j.t.JMeterThread: Stopping because end time detected by thread: Cenario 1 - Listar Comandas (GET, leitura pesada) 1-496
2026-09-09 22:14:27,680 INFO o.a.j.t.JMeterThread: Thread finished: Cenario 1 - Listar Comandas (GET, leitura pesada) 1-496
2026-09-09 22:14:27,693 INFO o.a.j.t.JMeterThread: Stopping because end time detected by thread: Cenario 1 - Listar Comandas (GET, leitura pesada) 1-495
2026-09-09 22:14:27,693 INFO o.a.j.t.JMeterThread: Thread finished: Cenario 1 - Listar Comandas (GET, leitura pesada) 1-495
2026-09-09 22:14:27,696 INFO o.a.j.t.JMeterThread: Stopping because end time detected by thread: Cenario 1 - Listar Comandas (GET, leitura pesada) 1-173
2026-09-09 22:14:27,696 INFO o.a.j.t.JMeterThread: Thread finished: Cenario 1 - Listar Comandas (GET, leitura pesada) 1-173
2026-09-09 22:14:27,716 INFO o.a.j.t.JMeterThread: Stopping because end time detected by thread: Cenario 1 - Listar Comandas (GET, leitura pesada) 1-494
2026-09-09 22:14:27,716 INFO o.a.j.t.JMeterThread: Thread finished: Cenario 1 - Listar Comandas (GET, leitura pesada) 1-494
2026-09-09 22:14:27,725 INFO o.a.j.t.JMeterThread: Stopping because end time detected by thread: Cenario 1 - Listar Comandas (GET, leitura pesada) 1-498
2026-09-09 22:14:27,726 INFO o.a.j.t.JMeterThread: Thread finished: Cenario 1 - Listar Comandas (GET, leitura pesada) 1-498
2026-09-09 22:14:27,737 INFO o.a.j.t.JMeterThread: Stopping because end time detected by thread: Cenario 1 - Listar Comandas (GET, leitura pesada) 1-497
2026-09-09 22:14:27,737 INFO o.a.j.t.JMeterThread: Thread finished: Cenario 1 - Listar Comandas (GET, leitura pesada) 1-497
2026-09-09 22:14:27,757 INFO o.a.j.t.JMeterThread: Stopping because end time detected by thread: Cenario 1 - Listar Comandas (GET, leitura pesada) 1-179
2026-09-09 22:14:27,758 INFO o.a.j.t.JMeterThread: Thread finished: Cenario 1 - Listar Comandas (GET, leitura pesada) 1-179
2026-09-09 22:14:27,761 INFO o.a.j.t.JMeterThread: Stopping because end time detected by thread: Cenario 1 - Listar Comandas (GET, leitura pesada) 1-160
2026-09-09 22:14:27,761 INFO o.a.j.t.JMeterThread: Thread finished: Cenario 1 - Listar Comandas (GET, leitura pesada) 1-160
2026-09-09 22:14:27,813 INFO o.a.j.t.JMeterThread: Stopping because end time detected by thread: Cenario 1 - Listar Comandas (GET, leitura pesada) 1-499
2026-09-09 22:14:27,813 INFO o.a.j.t.JMeterThread: Thread finished: Cenario 1 - Listar Comandas (GET, leitura pesada) 1-499
2026-09-09 22:14:27,831 INFO o.a.j.t.JMeterThread: Stopping because end time detected by thread: Cenario 1 - Listar Comandas (GET, leitura pesada) 1-178
2026-09-09 22:14:27,831 INFO o.a.j.t.JMeterThread: Thread finished: Cenario 1 - Listar Comandas (GET, leitura pesada) 1-178
2026-09-09 22:14:27,860 INFO o.a.j.t.JMeterThread: Stopping because end time detected by thread: Cenario 1 - Listar Comandas (GET, leitura pesada) 1-462
2026-09-09 22:14:27,860 INFO o.a.j.t.JMeterThread: Thread finished: Cenario 1 - Listar Comandas (GET, leitura pesada) 1-462
2026-09-09 22:14:27,870 INFO o.a.j.t.JMeterThread: Stopping because end time detected by thread: Cenario 1 - Listar Comandas (GET, leitura pesada) 1-61
2026-09-09 22:14:27,870 INFO o.a.j.t.JMeterThread: Thread finished: Cenario 1 - Listar Comandas (GET, leitura pesada) 1-61
2026-09-09 22:14:27,877 INFO o.a.j.t.JMeterThread: Stopping because end time detected by thread: Cenario 1 - Listar Comandas (GET, leitura pesada) 1-500
2026-09-09 22:14:27,877 INFO o.a.j.t.JMeterThread: Thread finished: Cenario 1 - Listar Comandas (GET, leitura pesada) 1-500
2026-09-09 22:14:27,917 INFO o.a.j.t.JMeterThread: Stopping because end time detected by thread: Cenario 1 - Listar Comandas (GET, leitura pesada) 1-62
2026-09-09 22:14:27,917 INFO o.a.j.t.JMeterThread: Thread finished: Cenario 1 - Listar Comandas (GET, leitura pesada) 1-62
2026-09-09 22:14:27,924 INFO o.a.j.t.JMeterThread: Stopping because end time detected by thread: Cenario 1 - Listar Comandas (GET, leitura pesada) 1-180
2026-09-09 22:14:27,925 INFO o.a.j.t.JMeterThread: Thread finished: Cenario 1 - Listar Comandas (GET, leitura pesada) 1-180
2026-09-09 22:14:27,934 INFO o.a.j.t.JMeterThread: Stopping because end time detected by thread: Cenario 1 - Listar Comandas (GET, leitura pesada) 1-63
2026-09-09 22:14:27,935 INFO o.a.j.t.JMeterThread: Thread finished: Cenario 1 - Listar Comandas (GET, leitura pesada) 1-63
2026-09-09 22:14:27,953 INFO o.a.j.t.JMeterThread: Stopping because end time detected by thread: Cenario 1 - Listar Comandas (GET, leitura pesada) 1-181
2026-09-09 22:14:27,953 INFO o.a.j.t.JMeterThread: Thread finished: Cenario 1 - Listar Comandas (GET, leitura pesada) 1-181
2026-09-09 22:14:27,960 INFO o.a.j.t.JMeterThread: Stopping because end time detected by thread: Cenario 1 - Listar Comandas (GET, leitura pesada) 1-65
2026-09-09 22:14:27,960 INFO o.a.j.t.JMeterThread: Thread finished: Cenario 1 - Listar Comandas (GET, leitura pesada) 1-65
2026-09-09 22:14:28,000 INFO o.a.j.t.JMeterThread: Stopping because end time detected by thread: Cenario 1 - Listar Comandas (GET, leitura pesada) 1-182
2026-09-09 22:14:28,000 INFO o.a.j.t.JMeterThread: Thread finished: Cenario 1 - Listar Comandas (GET, leitura pesada) 1-182
2026-09-09 22:14:28,005 INFO o.a.j.t.JMeterThread: Stopping because end time detected by thread: Cenario 1 - Listar Comandas (GET, leitura pesada) 1-183
2026-09-09 22:14:28,005 INFO o.a.j.t.JMeterThread: Thread finished: Cenario 1 - Listar Comandas (GET, leitura pesada) 1-183
2026-09-09 22:14:28,041 INFO o.a.j.t.JMeterThread: Stopping because end time detected by thread: Cenario 1 - Listar Comandas (GET, leitura pesada) 1-184
2026-09-09 22:14:28,041 INFO o.a.j.t.JMeterThread: Thread finished: Cenario 1 - Listar Comandas (GET, leitura pesada) 1-184
2026-09-09 22:14:28,060 INFO o.a.j.t.JMeterThread: Stopping because end time detected by thread: Cenario 1 - Listar Comandas (GET, leitura pesada) 1-66
2026-09-09 22:14:28,060 INFO o.a.j.t.JMeterThread: Thread finished: Cenario 1 - Listar Comandas (GET, leitura pesada) 1-66
2026-09-09 22:14:28,106 INFO o.a.j.t.JMeterThread: Stopping because end time detected by thread: Cenario 1 - Listar Comandas (GET, leitura pesada) 1-68
2026-09-09 22:14:28,106 INFO o.a.j.t.JMeterThread: Thread finished: Cenario 1 - Listar Comandas (GET, leitura pesada) 1-68
2026-09-09 22:14:28,111 INFO o.a.j.t.JMeterThread: Stopping because end time detected by thread: Cenario 1 - Listar Comandas (GET, leitura pesada) 1-185
2026-09-09 22:14:28,111 INFO o.a.j.t.JMeterThread: Thread finished: Cenario 1 - Listar Comandas (GET, leitura pesada) 1-185
2026-09-09 22:14:28,114 INFO o.a.j.t.JMeterThread: Stopping because end time detected by thread: Cenario 1 - Listar Comandas (GET, leitura pesada) 1-189
2026-09-09 22:14:28,114 INFO o.a.j.t.JMeterThread: Thread finished: Cenario 1 - Listar Comandas (GET, leitura pesada) 1-189
2026-09-09 22:14:28,124 INFO o.a.j.t.JMeterThread: Stopping because end time detected by thread: Cenario 1 - Listar Comandas (GET, leitura pesada) 1-69
2026-09-09 22:14:28,124 INFO o.a.j.t.JMeterThread: Thread finished: Cenario 1 - Listar Comandas (GET, leitura pesada) 1-69
2026-09-09 22:14:28,148 INFO o.a.j.t.JMeterThread: Stopping because end time detected by thread: Cenario 1 - Listar Comandas (GET, leitura pesada) 1-187
2026-09-09 22:14:28,149 INFO o.a.j.t.JMeterThread: Thread finished: Cenario 1 - Listar Comandas (GET, leitura pesada) 1-187
2026-09-09 22:14:28,160 INFO o.a.j.t.JMeterThread: Stopping because end time detected by thread: Cenario 1 - Listar Comandas (GET, leitura pesada) 1-188
2026-09-09 22:14:28,160 INFO o.a.j.t.JMeterThread: Thread finished: Cenario 1 - Listar Comandas (GET, leitura pesada) 1-188
2026-09-09 22:14:28,189 INFO o.a.j.t.JMeterThread: Stopping because end time detected by thread: Cenario 1 - Listar Comandas (GET, leitura pesada) 1-316
2026-09-09 22:14:28,189 INFO o.a.j.t.JMeterThread: Thread finished: Cenario 1 - Listar Comandas (GET, leitura pesada) 1-316
2026-09-09 22:14:28,194 INFO o.a.j.t.JMeterThread: Stopping because end time detected by thread: Cenario 1 - Listar Comandas (GET, leitura pesada) 1-472
2026-09-09 22:14:28,195 INFO o.a.j.t.JMeterThread: Thread finished: Cenario 1 - Listar Comandas (GET, leitura pesada) 1-472
2026-09-09 22:14:28,231 INFO o.a.j.t.JMeterThread: Stopping because end time detected by thread: Cenario 1 - Listar Comandas (GET, leitura pesada) 1-186
2026-09-09 22:14:28,231 INFO o.a.j.t.JMeterThread: Thread finished: Cenario 1 - Listar Comandas (GET, leitura pesada) 1-186
2026-09-09 22:14:28,246 INFO o.a.j.t.JMeterThread: Stopping because end time detected by thread: Cenario 1 - Listar Comandas (GET, leitura pesada) 1-70
2026-09-09 22:14:28,246 INFO o.a.j.t.JMeterThread: Thread finished: Cenario 1 - Listar Comandas (GET, leitura pesada) 1-70
2026-09-09 22:14:28,289 INFO o.a.j.t.JMeterThread: Stopping because end time detected by thread: Cenario 1 - Listar Comandas (GET, leitura pesada) 1-18
2026-09-09 22:14:28,289 INFO o.a.j.t.JMeterThread: Thread finished: Cenario 1 - Listar Comandas (GET, leitura pesada) 1-18
2026-09-09 22:14:28,291 INFO o.a.j.t.JMeterThread: Stopping because end time detected by thread: Cenario 1 - Listar Comandas (GET, leitura pesada) 1-315
2026-09-09 22:14:28,291 INFO o.a.j.t.JMeterThread: Thread finished: Cenario 1 - Listar Comandas (GET, leitura pesada) 1-315
2026-09-09 22:14:28,292 INFO o.a.j.t.JMeterThread: Stopping because end time detected by thread: Cenario 1 - Listar Comandas (GET, leitura pesada) 1-314
2026-09-09 22:14:28,292 INFO o.a.j.t.JMeterThread: Thread finished: Cenario 1 - Listar Comandas (GET, leitura pesada) 1-314
2026-09-09 22:14:28,299 INFO o.a.j.t.JMeterThread: Stopping because end time detected by thread: Cenario 1 - Listar Comandas (GET, leitura pesada) 1-21
2026-09-09 22:14:28,299 INFO o.a.j.t.JMeterThread: Thread finished: Cenario 1 - Listar Comandas (GET, leitura pesada) 1-21
2026-09-09 22:14:28,334 INFO o.a.j.t.JMeterThread: Stopping because end time detected by thread: Cenario 1 - Listar Comandas (GET, leitura pesada) 1-196
2026-09-09 22:14:28,334 INFO o.a.j.t.JMeterThread: Thread finished: Cenario 1 - Listar Comandas (GET, leitura pesada) 1-196
2026-09-09 22:14:28,336 INFO o.a.j.t.JMeterThread: Stopping because end time detected by thread: Cenario 1 - Listar Comandas (GET, leitura pesada) 1-111
2026-09-09 22:14:28,337 INFO o.a.j.t.JMeterThread: Thread finished: Cenario 1 - Listar Comandas (GET, leitura pesada) 1-111
2026-09-09 22:14:28,363 INFO o.a.j.t.JMeterThread: Stopping because end time detected by thread: Cenario 1 - Listar Comandas (GET, leitura pesada) 1-201
2026-09-09 22:14:28,363 INFO o.a.j.t.JMeterThread: Thread finished: Cenario 1 - Listar Comandas (GET, leitura pesada) 1-201
2026-09-09 22:14:28,389 INFO o.a.j.t.JMeterThread: Stopping because end time detected by thread: Cenario 1 - Listar Comandas (GET, leitura pesada) 1-325
2026-09-09 22:14:28,389 INFO o.a.j.t.JMeterThread: Thread finished: Cenario 1 - Listar Comandas (GET, leitura pesada) 1-325
2026-09-09 22:14:28,416 INFO o.a.j.t.JMeterThread: Stopping because end time detected by thread: Cenario 1 - Listar Comandas (GET, leitura pesada) 1-39
2026-09-09 22:14:28,416 INFO o.a.j.t.JMeterThread: Thread finished: Cenario 1 - Listar Comandas (GET, leitura pesada) 1-39
2026-09-09 22:14:28,428 INFO o.a.j.t.JMeterThread: Stopping because end time detected by thread: Cenario 1 - Listar Comandas (GET, leitura pesada) 1-203
2026-09-09 22:14:28,428 INFO o.a.j.t.JMeterThread: Thread finished: Cenario 1 - Listar Comandas (GET, leitura pesada) 1-203
2026-09-09 22:14:28,470 INFO o.a.j.t.JMeterThread: Stopping because end time detected by thread: Cenario 1 - Listar Comandas (GET, leitura pesada) 1-202
2026-09-09 22:14:28,470 INFO o.a.j.t.JMeterThread: Thread finished: Cenario 1 - Listar Comandas (GET, leitura pesada) 1-202
2026-09-09 22:14:28,472 INFO o.a.j.t.JMeterThread: Stopping because end time detected by thread: Cenario 1 - Listar Comandas (GET, leitura pesada) 1-324
2026-09-09 22:14:28,472 INFO o.a.j.t.JMeterThread: Thread finished: Cenario 1 - Listar Comandas (GET, leitura pesada) 1-324
2026-09-09 22:14:28,476 INFO o.a.j.t.JMeterThread: Stopping because end time detected by thread: Cenario 1 - Listar Comandas (GET, leitura pesada) 1-71
2026-09-09 22:14:28,477 INFO o.a.j.t.JMeterThread: Thread finished: Cenario 1 - Listar Comandas (GET, leitura pesada) 1-71
2026-09-09 22:14:28,482 INFO o.a.j.t.JMeterThread: Stopping because end time detected by thread: Cenario 1 - Listar Comandas (GET, leitura pesada) 1-213
2026-09-09 22:14:28,482 INFO o.a.j.t.JMeterThread: Thread finished: Cenario 1 - Listar Comandas (GET, leitura pesada) 1-213
2026-09-09 22:14:28,506 INFO o.a.j.t.JMeterThread: Stopping because end time detected by thread: Cenario 1 - Listar Comandas (GET, leitura pesada) 1-23
2026-09-09 22:14:28,506 INFO o.a.j.t.JMeterThread: Thread finished: Cenario 1 - Listar Comandas (GET, leitura pesada) 1-23
2026-09-09 22:14:28,533 INFO o.a.j.t.JMeterThread: Stopping because end time detected by thread: Cenario 1 - Listar Comandas (GET, leitura pesada) 1-26
2026-09-09 22:14:28,533 INFO o.a.j.t.JMeterThread: Thread finished: Cenario 1 - Listar Comandas (GET, leitura pesada) 1-26
2026-09-09 22:14:28,551 INFO o.a.j.t.JMeterThread: Stopping because end time detected by thread: Cenario 1 - Listar Comandas (GET, leitura pesada) 1-331
2026-09-09 22:14:28,551 INFO o.a.j.t.JMeterThread: Thread finished: Cenario 1 - Listar Comandas (GET, leitura pesada) 1-331
2026-09-09 22:14:28,570 INFO o.a.j.t.JMeterThread: Stopping because end time detected by thread: Cenario 1 - Listar Comandas (GET, leitura pesada) 1-208
2026-09-09 22:14:28,570 INFO o.a.j.t.JMeterThread: Thread finished: Cenario 1 - Listar Comandas (GET, leitura pesada) 1-208
2026-09-09 22:14:28,610 INFO o.a.j.t.JMeterThread: Stopping because end time detected by thread: Cenario 1 - Listar Comandas (GET, leitura pesada) 1-340
2026-09-09 22:14:28,610 INFO o.a.j.t.JMeterThread: Thread finished: Cenario 1 - Listar Comandas (GET, leitura pesada) 1-340
2026-09-09 22:14:28,619 INFO o.a.j.t.JMeterThread: Stopping because end time detected by thread: Cenario 1 - Listar Comandas (GET, leitura pesada) 1-209
2026-09-09 22:14:28,619 INFO o.a.j.t.JMeterThread: Thread finished: Cenario 1 - Listar Comandas (GET, leitura pesada) 1-209
2026-09-09 22:14:28,639 INFO o.a.j.t.JMeterThread: Stopping because end time detected by thread: Cenario 1 - Listar Comandas (GET, leitura pesada) 1-210
2026-09-09 22:14:28,639 INFO o.a.j.t.JMeterThread: Thread finished: Cenario 1 - Listar Comandas (GET, leitura pesada) 1-210
2026-09-09 22:14:28,639 INFO o.a.j.t.JMeterThread: Stopping because end time detected by thread: Cenario 1 - Listar Comandas (GET, leitura pesada) 1-330
2026-09-09 22:14:28,639 INFO o.a.j.t.JMeterThread: Thread finished: Cenario 1 - Listar Comandas (GET, leitura pesada) 1-330
2026-09-09 22:14:28,652 INFO o.a.j.t.JMeterThread: Stopping because end time detected by thread: Cenario 1 - Listar Comandas (GET, leitura pesada) 1-118
2026-09-09 22:14:28,652 INFO o.a.j.t.JMeterThread: Thread finished: Cenario 1 - Listar Comandas (GET, leitura pesada) 1-118
2026-09-09 22:14:28,652 INFO o.a.j.t.JMeterThread: Stopping because end time detected by thread: Cenario 1 - Listar Comandas (GET, leitura pesada) 1-337
2026-09-09 22:14:28,652 INFO o.a.j.t.JMeterThread: Thread finished: Cenario 1 - Listar Comandas (GET, leitura pesada) 1-337
2026-09-09 22:14:28,673 INFO o.a.j.t.JMeterThread: Stopping because end time detected by thread: Cenario 1 - Listar Comandas (GET, leitura pesada) 1-216
2026-09-09 22:14:28,673 INFO o.a.j.t.JMeterThread: Thread finished: Cenario 1 - Listar Comandas (GET, leitura pesada) 1-216
2026-09-09 22:14:28,703 INFO o.a.j.t.JMeterThread: Stopping because end time detected by thread: Cenario 1 - Listar Comandas (GET, leitura pesada) 1-22
2026-09-09 22:14:28,704 INFO o.a.j.t.JMeterThread: Thread finished: Cenario 1 - Listar Comandas (GET, leitura pesada) 1-22
2026-09-09 22:14:28,721 INFO o.a.j.t.JMeterThread: Stopping because end time detected by thread: Cenario 1 - Listar Comandas (GET, leitura pesada) 1-339
2026-09-09 22:14:28,721 INFO o.a.j.t.JMeterThread: Thread finished: Cenario 1 - Listar Comandas (GET, leitura pesada) 1-339
2026-09-09 22:14:28,725 INFO o.a.j.t.JMeterThread: Stopping because end time detected by thread: Cenario 1 - Listar Comandas (GET, leitura pesada) 1-76
2026-09-09 22:14:28,725 INFO o.a.j.t.JMeterThread: Thread finished: Cenario 1 - Listar Comandas (GET, leitura pesada) 1-76
2026-09-09 22:14:28,725 INFO o.a.j.e.StandardJMeterEngine: Notifying test listeners of end of test
2026-09-09 22:14:28,726 INFO o.a.j.r.Summariser: summary +   1616 in 00:00:29 =   56.3/s Avg:  8874 Min:  3683 Max: 10014 Err:    16 (0.99%) Active: 0 Started: 500 Finished: 500
2026-09-09 22:14:28,727 INFO o.a.j.r.Summariser: summary =   3837 in 00:01:09 =   55.7/s Avg:  8076 Min:   174 Max: 10015 Err:    52 (1.36%)
2026-09-09 22:14:28,728 INFO o.a.j.JMeter: Generating Dashboard
2026-09-09 22:14:28,728 INFO o.a.j.r.d.ReportGenerator: Flushing result collector before report Generation
2026-09-09 22:14:28,738 INFO o.a.j.r.p.NormalizerSampleConsumer: Using format, 'ms', to parse timeStamp field
2026-09-09 22:14:28,981 INFO o.a.j.r.p.AbstractSampleConsumer: class org.apache.jmeter.report.processor.AggregateConsumer#stopProducing(): beginDate produced 0 samples
2026-09-09 22:14:28,981 INFO o.a.j.r.p.AbstractSampleConsumer: class org.apache.jmeter.report.processor.AggregateConsumer#stopProducing(): endDate produced 0 samples
2026-09-09 22:14:28,985 INFO o.a.j.r.p.AbstractSampleConsumer: class org.apache.jmeter.report.processor.ApdexSummaryConsumer#stopProducing(): apdexSummary produced 0 samples
2026-09-09 22:14:28,985 INFO o.a.j.r.p.AbstractSampleConsumer: class org.apache.jmeter.report.processor.RequestsSummaryConsumer#stopProducing(): requestsSummary produced 0 samples
2026-09-09 22:14:28,991 INFO o.a.j.r.p.AbstractSampleConsumer: class org.apache.jmeter.report.processor.StatisticsSummaryConsumer#stopProducing(): statisticsSummary produced 0 samples
2026-09-09 22:14:28,992 INFO o.a.j.r.p.AbstractSampleConsumer: class org.apache.jmeter.report.processor.Top5ErrorsBySamplerConsumer#stopProducing(): top5ErrorsBySampler produced 0 samples
2026-09-09 22:14:28,992 INFO o.a.j.r.p.AbstractSampleConsumer: class org.apache.jmeter.report.processor.ErrorsSummaryConsumer#stopProducing(): errorsSummary produced 0 samples
2026-09-09 22:14:28,992 INFO o.a.j.r.p.AbstractSampleConsumer: class org.apache.jmeter.report.processor.graph.impl.HitsPerSecondGraphConsumer#stopProducing(): hitsPerSecond produced 0 samples
2026-09-09 22:14:29,039 INFO o.a.j.r.p.AbstractSampleConsumer: class org.apache.jmeter.report.processor.graph.impl.LatencyVSRequestGraphConsumer#stopProducing(): latencyVsRequest produced 0 samples
2026-09-09 22:14:29,040 INFO o.a.j.r.p.AbstractSampleConsumer: class org.apache.jmeter.report.processor.graph.impl.SyntheticResponseTimeDistributionGraphConsumer#stopProducing(): syntheticResponseTimeDistribution produced 0 samples
2026-09-09 22:14:29,040 INFO o.a.j.r.p.AbstractSampleConsumer: class org.apache.jmeter.report.processor.graph.impl.BytesThroughputGraphConsumer#stopProducing(): bytesThroughputOverTime produced 0 samples
2026-09-09 22:14:29,040 INFO o.a.j.r.p.AbstractSampleConsumer: class org.apache.jmeter.report.processor.graph.impl.CodesPerSecondGraphConsumer#stopProducing(): codesPerSecond produced 0 samples
2026-09-09 22:14:29,064 INFO o.a.j.r.p.AbstractSampleConsumer: class org.apache.jmeter.report.processor.graph.impl.ResponseTimeVSRequestGraphConsumer#stopProducing(): responseTimeVsRequest produced 0 samples
2026-09-09 22:14:29,065 INFO o.a.j.r.p.AbstractSampleConsumer: class org.apache.jmeter.report.processor.FilterConsumer#stopProducing(): startIntervalControlerFilter produced 26859 samples
2026-09-09 22:14:29,065 INFO o.a.j.r.p.AbstractSampleConsumer: class org.apache.jmeter.report.processor.graph.impl.TotalTPSGraphConsumer#stopProducing(): totalTPS produced 0 samples
2026-09-09 22:14:29,065 INFO o.a.j.r.p.AbstractSampleConsumer: class org.apache.jmeter.report.processor.graph.impl.ActiveThreadsGraphConsumer#stopProducing(): activeThreadsOverTime produced 0 samples
2026-09-09 22:14:29,065 INFO o.a.j.r.p.AbstractSampleConsumer: class org.apache.jmeter.report.processor.graph.impl.TimeVSThreadGraphConsumer#stopProducing(): timeVsThreads produced 0 samples
2026-09-09 22:14:29,066 INFO o.a.j.r.p.AbstractSampleConsumer: class org.apache.jmeter.report.processor.graph.impl.ResponseTimeDistributionGraphConsumer#stopProducing(): responseTimeDistribution produced 0 samples
2026-09-09 22:14:29,066 INFO o.a.j.r.p.AbstractSampleConsumer: class org.apache.jmeter.report.processor.graph.impl.TransactionsPerSecondGraphConsumer#stopProducing(): transactionsPerSecond produced 0 samples
2026-09-09 22:14:29,066 INFO o.a.j.r.p.AbstractSampleConsumer: class org.apache.jmeter.report.processor.graph.impl.ResponseTimePercentilesGraphConsumer#stopProducing(): responseTimePercentiles produced 0 samples
2026-09-09 22:14:29,068 INFO o.a.j.r.p.AbstractSampleConsumer: class org.apache.jmeter.report.processor.graph.impl.ResponseTimePercentilesOverTimeGraphConsumer#stopProducing(): responseTimePercentilesOverTime produced 0 samples
2026-09-09 22:14:29,069 INFO o.a.j.r.p.AbstractSampleConsumer: class org.apache.jmeter.report.processor.graph.impl.ResponseTimeOverTimeGraphConsumer#stopProducing(): responseTimesOverTime produced 0 samples
2026-09-09 22:14:29,069 INFO o.a.j.r.p.AbstractSampleConsumer: class org.apache.jmeter.report.processor.graph.impl.ConnectTimeOverTimeGraphConsumer#stopProducing(): connectTimeOverTime produced 0 samples
2026-09-09 22:14:29,069 INFO o.a.j.r.p.AbstractSampleConsumer: class org.apache.jmeter.report.processor.graph.impl.LatencyOverTimeGraphConsumer#stopProducing(): latenciesOverTime produced 0 samples
2026-09-09 22:14:29,069 INFO o.a.j.r.p.AbstractSampleConsumer: class org.apache.jmeter.report.processor.FilterConsumer#stopProducing(): nameFilter produced 57555 samples
2026-09-09 22:14:29,069 INFO o.a.j.r.p.AbstractSampleConsumer: class org.apache.jmeter.report.processor.FilterConsumer#stopProducing(): dateRangeFilter produced 11511 samples
2026-09-09 22:14:29,069 INFO o.a.j.r.p.AbstractSampleConsumer: class org.apache.jmeter.report.processor.NormalizerSampleConsumer#stopProducing(): normalizer produced 3837 samples
2026-09-09 22:14:29,070 INFO o.a.j.r.p.CsvFileSampleSource: produce(): 3837 samples produced in 310ms on channel 0
2026-09-09 22:14:29,070 INFO o.a.j.r.d.ReportGenerator: Exporting data using exporter:'json' of className:'org.apache.jmeter.report.dashboard.JsonExporter'
2026-09-09 22:14:29,126 INFO o.a.j.r.d.JsonExporter: Found data for consumer statisticsSummary in context
2026-09-09 22:14:29,126 INFO o.a.j.r.d.JsonExporter: Creating statistics for overall
2026-09-09 22:14:29,126 INFO o.a.j.r.d.JsonExporter: Creating statistics for other transactions
2026-09-09 22:14:29,126 INFO o.a.j.r.d.JsonExporter: Checking output folder
2026-09-09 22:14:29,127 INFO o.a.j.r.d.JsonExporter: Writing statistics JSON to D:\Faculdade\8 periodo\modelagem\Atividade-1\projeto-sistemas-distribuidos\jmeter\resultados\html_500\statistics.json
2026-09-09 22:14:29,166 INFO o.a.j.r.d.ReportGenerator: Exporting data using exporter:'html' of className:'org.apache.jmeter.report.dashboard.HtmlTemplateExporter'
2026-09-09 22:14:29,168 INFO o.a.j.r.d.HtmlTemplateExporter: Will generate dashboard in folder: D:\Faculdade\8 periodo\modelagem\Atividade-1\projeto-sistemas-distribuidos\jmeter\resultados\html_500
2026-09-09 22:14:29,258 INFO o.a.j.r.d.HtmlTemplateExporter: Report will be generated in: D:\Faculdade\8 periodo\modelagem\Atividade-1\projeto-sistemas-distribuidos\jmeter\resultados\html_500, creating folder structure
2026-09-09 22:14:29,260 INFO o.a.j.r.d.TemplateVisitor: Copying folder from 'F:\Programing\jmeter\apache-jmeter-5.6.3\bin\report-template' to 'D:\Faculdade\8 periodo\modelagem\Atividade-1\projeto-sistemas-distribuidos\jmeter\resultados\html_500', got message: D:\Faculdade\8 periodo\modelagem\Atividade-1\projeto-sistemas-distribuidos\jmeter\resultados\html_500, found non empty folder with following content [D:\Faculdade\8 periodo\modelagem\Atividade-1\projeto-sistemas-distribuidos\jmeter\resultados\html_500\statistics.json], will be ignored
2026-09-09 22:14:29,515 INFO o.a.j.JMeter: Dashboard generated
